,prqd_score_german,prqd_score_italian,prqd_score_french,prqd_score_chineese,prqd_score_spanish
0,0.7466154407275954,0.7672008447235685,0.7652594352240187,0.7670071720972941,0.779668949644462
1,0.8837242753930205,0.9000379102177095,0.9033130138324073,0.9069688622606179,0.9438831232717172
2,0.823085121782881,0.8349018687814032,0.8636160049192037,0.8480689041274005,0.7844870891997087
3,0.8932965290192819,0.9394585587962445,0.9166957098965756,0.8759506648456128,0.9072182068087974
4,0.8435450451410111,0.9232454521168244,0.8325613351986034,0.7611737683336401,0.792707311110756
5,0.8176664626150791,0.8578026602739691,0.8171014600004879,0.8118138147161785,0.833778777768077
6,0.8780765802493166,0.8434484692403577,0.8690517020160132,0.8548200999128864,0.9199022904223423
7,0.8647323279177543,0.8938736502513307,0.9269908861163065,0.8766416396129315,0.8599851826389819
8,0.7867450081955792,0.8336825995272658,0.8196102450599434,0.7990064378045144,0.8730871192836749
9,0.8746345167565045,0.8550682649671505,0.8604381003316639,0.6668675918478453,0.7622215242372687
10,0.7522470580489686,0.7002235893373693,0.6864708542346267,0.656913326300141,0.7534639707435936
11,0.7463511810993289,0.7822397003849032,0.8148897816600857,0.7708881292002608,0.7919862511081819
12,0.7379926745958051,0.8091665701405575,0.7189624490952343,0.7731599588863691,0.7025454350730489
13,0.7461168816922162,0.9038018454212564,0.9277555994506633,0.8795742434315714,0.8256365998759257
14,0.8942372819718288,0.9057894285774918,0.9175809648137194,0.791157792613675,0.8725921324220681
15,0.7178951933624487,0.8246794367026997,0.7647478409997314,0.7373148595765496,0.7769725677674071
16,0.5957949864999276,0.7073072283697506,0.5982087147012923,0.6738107545677513,0.6487739517439536
17,0.9184183966911919,0.9020677759052556,0.9462770582096902,0.9495048537359876,0.942875783240885
18,0.749034446891911,0.7662944130630128,0.706304658579508,0.6925978427738516,0.7049172785705461
19,0.902634537287552,0.8143422964745395,0.9003118895964263,0.9221151404993188,0.9168554613990914
20,0.8136439757620569,0.799047542983772,0.9453348682201518,0.7791442861278313,0.7574078789268267
21,0.877168043962056,0.9162533883554195,0.909281128604284,0.844683608628547,0.9094262239018629
22,0.6890725561745057,0.7138248157363293,0.6954209849169386,0.6865194877757571,0.8829264555771359
23,0.772891287926919,0.7904004304765916,0.787600477912951,0.7685827867993095,0.8093440677845594
24,0.7997926366660845,0.8873644498795776,0.794464416365294,0.7942627767928914,0.843175978269742
25,0.8822696267324016,0.8719074055399244,0.826216543829574,0.7675439925148513,0.7661759176707824
26,0.8766264212689792,0.8710830079747243,0.8972576500586508,0.904300180574242,0.8552941831785049
27,0.8234348497416945,0.8498821181387215,0.8605353264716208,0.8502503762973208,0.8703417543883643
28,0.7098481153199132,0.7884214616507339,0.740294474460552,0.7255702722640839,0.7399669256892397
29,0.7192490314716923,0.708077455111551,0.7401677187154966,0.7453495628336477,0.752975873279193
30,0.8241167973195445,0.8829903379717994,0.8524279339791914,0.7969180772908295,0.85805953867496
31,0.8210276791597296,0.8754262507068682,0.8533678390998157,0.61665306103544,0.9133881745551047
32,0.8443593832124335,0.8907329618796863,0.8865941888002327,0.7867848061672952,0.9108608654264219
33,0.8158052971094059,0.8524411508834258,0.8382813692550124,0.805628149975666,0.8296826376480456
34,0.8276892879157473,0.8759412926469256,0.917695149378229,0.8459123568136033,0.953333396785524
35,0.8034398903009059,0.7900644410477793,0.7960449066249712,0.768237471304981,0.8033036341025076
36,0.8295706479917168,0.8856043632674079,0.870307242524986,0.8192258453169039,0.7475826726105432
37,0.7788734385749589,0.7621843877608202,0.7602205377336498,0.7927606832717186,0.7264209399458146
38,0.8677427957777205,0.8784553923579993,0.8789904961824252,0.7547846583864154,0.8566644910113964
39,0.8745769654539002,0.8962580115889344,0.9111075649557872,0.8486782454360409,0.9140369201108801
40,0.6167567457980485,0.7437157590772571,0.8429300778158432,0.7982564410150045,0.8412965756050744
41,0.8590794406190994,0.8506256400651477,0.8408753981012317,0.771226003733841,0.8972775705995047
42,0.6864406326168702,0.7761684663058357,0.6924783294673368,0.7763965900411602,0.7674372360761076
43,0.7338017358492668,0.806022566102206,0.7560437471492444,0.7617655775114035,0.8566506671394137
44,0.892868974726511,0.9137583200164127,0.8887295836635072,0.8149037550392044,0.8828423078846677
45,0.6849514385194925,0.735729135253177,0.7008522371993889,0.8074296416729837,0.8189917444533432
46,0.8672270103773129,0.8893038581693288,0.8838615298936958,0.8581879526018573,0.8670382743916797
47,0.8639149613700828,0.882318489134974,0.8193210710730741,0.7985705552667173,0.8593473828317599
48,0.8637737006304492,0.8392115841816677,0.8412104514294981,0.8035360916762463,0.7403928306339991
49,0.7534979558779606,0.9013299260690119,0.8943361341076268,0.7817468391390499,0.7475519503309738
50,0.895154470532929,0.9398667356399811,0.9204765399561005,0.8984315409366102,0.7615721957814912
51,0.8911688530581299,0.9067145807813378,0.9338495225669236,0.9433469491971359,0.9039624679735369
52,0.7934400051529061,0.8034806600408658,0.8113836238468385,0.7850367522209423,0.9222734449641592
53,0.757923240915339,0.8280823461155111,0.815235522850364,0.7809175736472825,0.24761015053666052
54,0.8491033039391245,0.8566093191792032,0.8671913768234056,0.8149843137220419,0.8349771422974771
55,0.8800072033627523,0.9250889388820369,0.9027636637090478,0.8824109612987366,0.9433594138170648
56,0.9316820072214502,0.9101853722608021,0.9063589680350799,0.814265961546705,0.9277619655884881
57,0.6835163281644665,0.6503331887513953,0.7150043933218512,0.6286293899190502,0.6811268711745597
58,0.8512702522509249,0.8527534863455449,0.7566667392189655,0.8511764845330612,0.7566667392189655
59,0.6556764052036966,0.8066324687657912,0.8013795844684152,0.5891009249399356,0.6483124455323811
60,0.6719943664061908,0.6488799416026002,0.6608199805239207,0.6938161654468779,0.5699192679274379
61,0.8203955799185911,0.8072470891994366,0.8660235392177948,0.828407537187509,0.8696571911117176
62,0.8455947972801608,0.9142406817769707,0.9236224088644372,0.8345674108964679,0.9461254916283695
63,0.7414032973500098,0.7145523717487611,0.7285172238644128,0.7093246590444399,0.8104521859099711
64,0.8283739312103416,0.8291826696927542,0.7351788462299451,0.7622196215111036,0.8193109439170142
65,0.6506625649046229,0.8350895450594558,0.8180188014035371,0.6666704731085014,0.6967523906912338
66,0.7827085427273602,0.7586898227830167,0.791870845647298,0.7533786698935204,0.6548426163588268
67,0.8108449288359567,0.8577954049869524,0.8161051656420107,0.7959675688983096,0.9259092148384942
68,0.8866239947849043,0.7965614521947498,0.8743392138998876,0.8563985419788483,0.8550960740298028
69,0.6496562808922581,0.70929159472993,0.7038351479076459,0.5914204483575056,0.6699872743691646
70,0.7951118067403248,0.8234122338866157,0.812307426090116,0.7857965383583739,0.9015757640703372
71,0.8965781752607351,0.9249338758745076,0.8867754956425205,0.9268512651501845,0.9281338422377651
72,0.7314244465031161,0.770152712700339,0.7417766343352816,0.677039234612491,0.7367433423501546
73,0.9454561448979607,0.9496765316703486,0.9157930519892867,0.8976982046548314,0.9149128733232484
74,0.7112411258866531,0.7908473265149878,0.7988018023414353,0.7267431355984094,0.7502449944181362
75,0.5759046628114797,0.6716959777372082,0.6751581021803286,0.5817753281130926,0.6330161412469384
76,0.8531175182974908,0.8490731189989827,0.8845514774470443,0.8194886198709759,0.8841226424503394
77,0.8735020858237807,0.8883736844569476,0.9277403849648929,0.8549035016651417,0.8096273281884309
78,0.8130050758571361,0.9023187129912966,0.6436194448767997,0.5803989735720477,0.7982963124117864
79,0.8130847012737076,0.8104810115179522,0.8256324543917885,0.7754525730617069,0.8441602614907091
80,0.8113556593695614,0.739298016712859,0.7740572852730359,0.7478283958680929,0.8362423934434119
81,0.8422849127539547,0.8590976677668587,0.8626189680183545,0.8286072733905729,0.8217531680943291
82,0.8093796203144462,0.7133854811652062,0.7693526247748852,0.6660603541241169,0.8093797661661409
83,0.8303282734220402,0.8022749145255837,0.8372990897754582,0.7944456619679247,0.8626761158980645
84,0.8193533447077862,0.8323318435974187,0.8794502987863674,0.7680162871536065,0.92361996693581
85,0.7226408851061205,0.7215616349746916,0.7049407798033368,0.7391812347442153,0.7224190783703845
86,0.6086699809925304,0.6097994672281551,0.6246578068432331,0.5924987736031665,0.6264207133153764
87,0.8782324798523711,0.9285241640004984,0.91103758150851,0.7407881395975628,0.9249721733849966
88,0.774370947038796,0.8938542068170129,0.728003323186741,0.7025014607782462,0.6821079584070406
89,0.7686081208484179,0.84275509262417,0.8020473097666591,0.8028020260871254,0.7602347229157258
90,0.7709565730693364,0.800577413777781,0.7806342154672551,0.7276941549924435,0.8517304385934276
91,0.8445933292569074,0.8394160359092697,0.8272146018195754,0.8592905465354246,0.7964493900619304
92,0.8495145117914918,0.856646469283729,0.875380749837508,0.8131013116920336,0.8211188719398856
93,0.8271415140477293,0.8099942424558705,0.7925913253028023,0.7969692632745567,0.6790306464404494
94,0.9002774826154744,0.9022470897655845,0.9272973251155461,0.8485978352232015,0.8980068594643057
95,0.8325590644138787,0.8672975636871739,0.8511107066586882,0.8171187184549377,0.8297282883777742
96,0.5451716314035652,0.8941885942156892,0.8766829786694317,0.5516159472544003,0.9113242193744371
97,0.9085715162855154,0.8259680253136619,0.8507143674222459,0.8904064568491896,0.8631336607944713
98,0.8427213774180742,0.8554322093460347,0.8398155326673801,0.7956637324982918,0.8029486584620077
99,0.7647179483627694,0.7632620844816582,0.7632620844816582,0.7301837242044362,0.7255140825587165
100,0.4863801229179238,0.5250400222559307,0.48178072544650974,0.5108854033987315,0.5123276167002763
101,0.8328479352351918,0.901989441687433,0.9443127018604632,0.8657242545069366,0.8598924730401944
102,0.7620134540421047,0.841967742023948,0.7813339320096022,0.7813426632713371,0.7497210903753321
103,0.8362082060199344,0.8703552744548178,0.8709941602099937,0.8661911150873723,0.9047501847672961
104,0.8731466319107332,0.8794555624501456,0.8646690609106268,0.8365068185454845,0.8889945117085857
105,0.7629650396641953,0.8409153951690205,0.7701066477052347,0.7418935230437463,0.7465769642523497
106,0.8856760403821484,0.8642487098121876,0.858042958367696,0.8874562386559942,0.9507351373226544
107,0.8495905575580078,0.8734753279717687,0.8295802826349576,0.8139450007113239,0.8703623552037546
108,0.9059328430575387,0.8831355735636537,0.8793810517782749,0.8184254511327101,0.8991694955426873
109,0.8747101578288543,0.8572043853428011,0.8748477438035565,0.8170333652047144,0.8059127053009276
110,0.8679094039203896,0.8372809094268855,0.8831507331470937,0.8635036370668066,0.8445190562041752
111,0.8773628144181967,0.8420723734281715,0.836223651479802,0.8153224750935274,0.8365944407450268
112,0.8902748621083416,0.8439315049023203,0.8488689489739987,0.8331381509117918,0.6249369198951598
113,0.8275228374134344,0.7246794110665079,0.7365683482666492,0.7729989884125807,0.8340785079016952
114,0.8038114541258196,0.8565568401181974,0.8673972540475613,0.8476548434215789,0.8795537181454736
115,0.774430615447698,0.7521937787177316,0.7679317776606144,0.7685425298680343,0.763698938443529
116,0.7248452092490502,0.7071933307513618,0.6574921388256142,0.7061578880499694,0.7437097210361778
117,0.7033866861621456,0.6424231378690561,0.7392276028427355,0.6155155807026329,0.6266192364629074
118,0.7481489593943874,0.7429394121529928,0.8043560876935123,0.7722763595469976,0.8309236156758125
119,0.6201614477864791,0.7876299542629924,0.6463507063559593,0.74927424809181,0.7787738674458893
120,0.8997118393546933,0.828126519766628,0.9113939880021688,0.8539765604565692,0.8591544731562281
121,0.817916551198377,0.8150023298196345,0.8195692361086068,0.8147126862865948,0.8087240151093743
122,0.8098012188747248,0.8860997525518464,0.814308677904883,0.8071975350073809,0.8170332702491875
123,0.9143983806546278,0.9002948989331683,0.8672436698321677,0.8747938350854313,0.9185885170186334
124,0.8427411181632373,0.8553741993909676,0.8128114922437594,0.7812830382391004,0.6552045238922236
125,0.7815423213594537,0.8123522469207982,0.8131209945046449,0.7895167033932229,0.8124340825919878
126,0.8576149846290626,0.8176961934748229,0.8525868518280011,0.8199143658924329,0.8485262198468184
127,0.9010544887923834,0.9037402961280332,0.9453899405605987,0.7358659510936563,0.7951417840010255
128,0.8347066619387601,0.8464430111320586,0.842823315540667,0.7906432594766706,0.7284056898353328
129,0.9062580759865219,0.8935232366966955,0.8973568378365361,0.8673080407478729,0.9044927791079864
130,0.9057865272716443,0.8293417329798277,0.9223365079240103,0.883658242423694,0.8609358970115234
131,0.9058864560848557,0.9065186373985551,0.966126719968168,0.8424528689743601,0.9535007954488461
132,0.8123293438499825,0.8075587376315213,0.8211125674102953,0.8529091124119864,0.8892378727782365
133,0.8033910375904024,0.8745985227007097,0.8671260633840243,0.8469785591308845,0.8140857005195024
134,0.826454329925115,0.8310418966019765,0.8293656863316738,0.777757476890019,0.8353873940977303
135,0.872277578908197,0.7796767396826387,0.8731373806337047,0.7831623227482308,0.905718532034533
136,0.8434403324558363,0.9343739775079292,0.9096692665550375,0.8455455617693889,0.8518713630327518
137,0.8738727520814198,0.926284794242341,0.7818310036449077,0.8404769462980382,0.8880161919959105
138,0.8239940770710822,0.8268132763035678,0.8229884781701092,0.7542621701275012,0.829016696216574
139,0.8041794129021781,0.8716350051109483,0.8742126881013232,0.8096012267809463,0.9411786996380604
140,0.9322228538780047,0.753327276526252,0.9054641667436185,0.8001467127139693,0.7840974104069528
141,0.8404556874787742,0.82791089999578,0.8067194743332908,0.7791014192954516,0.8380049594398409
142,0.5309550512675179,0.710582334092205,0.47622303708741487,0.5278755594825147,0.7970970063891177
143,0.9093506650874185,0.8749820867043697,0.8654950771683616,0.8482954699206983,0.861052052417817
144,0.6653912283722734,0.7126573160293715,0.6723990569470294,0.6797649776681379,0.6686907855213147
145,0.7791046011121945,0.826882978969617,0.773049909168986,0.8272248789554153,0.7436416714568254
146,0.760348125938421,0.9242086695112635,0.9231487259812488,0.9198199511574161,0.999999995
147,0.7804946189510842,0.8406153296822813,0.7928722862658013,0.8070143487950336,0.8522434766769191
148,0.719313865867388,0.7531353532773175,0.8653465045890881,0.7317619416730341,0.8793468777260417
149,0.7418709745522711,0.7458944081540984,0.7449144044183158,0.7434002106392839,0.7070844793412238
150,0.8046185350550631,0.8853315211230037,0.8860742568228329,0.8594985982635943,0.7109656879203334
151,0.8216652038321883,0.8628925814996133,0.8295876640416153,0.8073631895868996,0.8772845690186195
152,0.8664157716029268,0.8509417774283745,0.8606380341210569,0.8090862736689379,0.8513394277595454
153,0.8909679128728438,0.8953572081251385,0.8994854654569654,0.8941320762164527,0.8795456463631541
154,0.8905552001961016,0.8900778592766543,0.8970436209859471,0.8739684395145744,0.7406608987463111
155,0.9246125637898657,0.930165528935425,0.9418003238249752,0.8854102375237617,0.9376953576713205
156,0.8489302712744299,0.8391201454508561,0.8430065530211258,0.8431315660004135,0.8766589023001466
157,0.7660623773043003,0.7163373890268909,0.7469279692828008,0.7873501151948675,0.7761128284892428
158,0.856482689879839,0.9252514896359291,0.860141118675403,0.8822954305750558,0.7247703080763046
159,0.8825658896720145,0.9004324393469283,0.896008964444952,0.8872953443679972,0.8783117170799576
160,0.703031868528174,0.7524487558972955,0.6745831247126415,0.7372076307018998,0.6112684530848368
161,0.8222197040804016,0.8665728611993266,0.825561741990817,0.7873110905630633,0.8182828965316927
162,0.9329546539104421,0.9394963161901865,0.9119930402493828,0.8417224568126691,0.9329546539104421
163,0.8580916029662795,0.8790809262794487,0.8682496325534814,0.841532604206783,0.8631653992478966
164,0.8229196865180384,0.890611108315928,0.8555987037547609,0.8307123496157603,0.8990320019880996
165,0.8182601642730155,0.8206806983210176,0.8206806983210176,0.8153936210927518,0.8108513833506892
166,0.7499591302984755,0.873659459056648,0.9466881522551585,0.8484266914833186,0.8487650388318517
167,0.863786599839226,0.9178485732828912,0.9390996020687755,0.48555622450303665,0.9703284796188776
168,0.7942839789153581,0.8113454860681081,0.8001414280737814,0.8124798228895826,0.8388617131864777
169,0.7520575587506142,0.7772030525430745,0.7859836394532971,0.7735189484619222,0.7765892454041357
170,0.8377582412501939,0.8734522826502293,0.8750207166779985,0.7742047628285529,0.8581945311901316
171,0.9066758829322427,0.8869904114304971,0.8836520479970504,0.8512432969005388,0.9270650330021872
172,0.9454182365438563,0.8545318673787097,0.9508614064532542,0.7874492202188692,0.8380776731321964
173,0.7736561560175901,0.7525784423820086,0.7825404148629554,0.7378980897036602,0.7823489102811422
174,0.8265850760898908,0.8837365180246275,0.8741064597019018,0.8111740597940591,0.8227004484075627
175,0.9136937883087656,0.9279637277997891,0.948077354678191,0.8991364306599402,0.9493649873423251
176,0.8172610326976141,0.8488579896399643,0.8319874723085865,0.7638787181756207,0.8563564021718325
177,0.8821478900223164,0.9105626636274448,0.8867304005860356,0.8869479621145887,0.9084638018313392
178,0.9232119278603154,0.8787058363523567,0.9149347539735846,0.8389219313381256,0.9241151293339075
179,0.6894256388729533,0.7031533428801098,0.6837805173180809,0.6554726469840941,0.6913632902792985
180,0.8345770326581006,0.8719151763781443,0.8458039244792044,0.8178060236482592,0.8722140160160659
181,0.999999995,0.8723496502101992,0.8706419764165837,0.7625183518486581,0.7526050437387686
182,0.7591284145712743,0.7690685895171447,0.7650921263159186,0.8249548903335494,0.9079821107507777
183,0.6661658995977413,0.7387386202463082,0.8947253040601585,0.8652465187022141,0.9065143084222002
184,0.7595679396020093,0.7821192351272811,0.8082521605484296,0.7093645368772402,0.7911777529080978
185,0.8591034419229333,0.8528935808275218,0.8601935800583342,0.8497983858974006,0.8354932319356547
186,0.7879534427626864,0.8718111734637292,0.8459232472685342,0.8142174376330619,0.7534344565549844
187,0.8373311113812613,0.845099487085987,0.7868194147774417,0.7887093621858695,0.8386134168692764
188,0.7230597607160818,0.6952125649570808,0.6977668228853957,0.7233084255903605,0.6843784153518093
189,0.8200991047565184,0.7934617089350006,0.8364782722384031,0.5158163039210361,0.7738281317663058
190,0.878025773850705,0.8385698562408047,0.8554418604741237,0.846872119295924,0.8404623179451415
191,0.7662598994506021,0.7553118313638595,0.7587854574515089,0.7371656104197386,0.7689033207664594
192,0.8292864360437187,0.8304614639863848,0.8311625618923406,0.7917521584032374,0.8325356296982098
193,0.8172411658379165,0.8900925690500879,0.771561555046197,0.8655874946638628,0.7995302359147918
194,0.8312971930370145,0.8474965100572063,0.8325967112456666,0.8742441158179729,0.8236620268960615
195,0.7006349065230429,0.8005345915437998,0.8275606680789637,0.7585225015847421,0.776859690842277
196,0.7839110075153926,0.7855824702699559,0.8094632805945992,0.7087474560773873,0.822739678267611
197,0.7562221336877226,0.8117396924328106,0.9013791714391192,0.6509244097831729,0.6968771837047926
198,0.7901747029591719,0.8155664409333605,0.8512183734643628,0.8253593318765502,0.7663544599183202
199,0.826976211103178,0.863671374318045,0.8030314158937631,0.8448241041344625,0.913996509639765
200,0.8382624062244762,0.7781833007042278,0.8051276673156857,0.8174227674761161,0.8674746586766109
201,0.863814416371465,0.8905379752322767,0.8825956229956928,0.848162032459353,0.8505389379247591
202,0.828583731682292,0.8262511483612801,0.8060818740836279,0.820794545955998,0.8192402280776367
203,0.8059934257334262,0.8504225018355416,0.8084512929500082,0.7917486891939116,0.8071981570455302
204,0.7699138169900758,0.7879044863984167,0.781684712561646,0.7715581370995219,0.7802083345859794
205,0.5487297254736313,0.8986033982472624,0.8826697435436162,0.8430194457023199,0.9084814649839243
206,0.8566246585156362,0.8639995901402163,0.7446903303362306,0.8696100170269578,0.9111307984361623
207,0.8037869294344185,0.8561076003047454,0.893832298733549,0.6981636408882025,0.7223621330484836
208,0.8743451054878066,0.8637226091067837,0.8763123423443647,0.8888143915676381,0.8453864556038763
209,0.7613930659617181,0.8647301857040425,0.8052799932741198,0.7893179366178608,0.8122461475171072
210,0.8108789146116517,0.7790635586697756,0.8078208124300806,0.6742688860182638,0.8282515794688994
211,0.7731794234592095,0.7656553533547842,0.7645658305169718,0.8357716514324479,0.7729575400051923
212,0.7743900385324554,0.7901198204310274,0.8101547689995031,0.777270988056923,0.8348171071794485
213,0.8340745833388122,0.8661113932734672,0.8654391014784004,0.7875500343754258,0.8618304017189661
214,0.8909749975013727,0.8751352198042354,0.8713377340060028,0.7983677190372743,0.8788748262117241
215,0.8068167333810049,0.8264465774842086,0.8055671201073275,0.8275473848564339,0.8099293375184626
216,0.7785631890415883,0.857629170225369,0.8552179602128477,0.8400148867042896,0.8080639087280763
217,0.8362859292272635,0.8551108917329449,0.8393437254491016,0.835115798812056,0.8744741625886484
218,0.8443585863707762,0.8638116749345589,0.7485226034476805,0.7268292022094621,0.6344281125208998
219,0.7421405593567524,0.7555573665869751,0.744977014813825,0.7302022160916618,0.7148485027291765
220,0.8229890852880992,0.8365472336594658,0.8279773877542382,0.8107483439190442,0.8241847098130426
221,0.8235961405326608,0.8352950798794451,0.8582342473655319,0.8123555089238026,0.7603884221214326
222,0.7176880926705879,0.7150031622622594,0.763997896218425,0.7477666693398547,0.7176468497129695
223,0.8175403037478447,0.9056426143448838,0.8572067739956394,0.7119109796415188,0.8259853995972837
224,0.8255203309970678,0.7852054556932302,0.8455882665366274,0.8438689451017213,0.8823974737883901
225,0.8068552066933765,0.8047576912212777,0.8451106728919888,0.8282064250806251,0.9145142936347245
226,0.8743456030791555,0.7958644311235968,0.9266543102036323,0.9266543102036323,0.8268655266210341
227,0.8833950924271659,0.8888160187789094,0.9007062882824182,0.8597587616171116,0.8955380102660043
228,0.6712700566417412,0.771756193447603,0.7318121728020023,0.7550272579596251,0.6846124704547957
229,0.8290434893806403,0.859077359814723,0.8540604485330549,0.8499479166925141,0.8226053041785172
230,0.8098921750914284,0.8629011258049596,0.9077362444367909,0.8726668149106542,0.8733950949593343
231,0.7671563886305788,0.7306669688653487,0.7770846833402119,0.6994614798348474,0.8147984023516082
232,0.8814696863441891,0.8405904061414454,0.898093491076312,0.7684291679134035,0.8350542185596481
233,0.7280667150253457,0.8255383429476386,0.8276406906642628,0.7998853845286572,0.7998344887863722
234,0.7638182760783191,0.8005272081893149,0.8062341462649625,0.5904203238672378,0.8002118004139777
235,0.7500801216511994,0.7553635984783995,0.8245326465337776,0.8629130320357894,0.8074444367012106
236,0.7860720108594783,0.8465709902512063,0.8548312823185829,0.7560071611396889,0.886723595355468
237,0.8019912900451113,0.7987779675938137,0.7537556815895752,0.744246712229337,0.8073397953834761
238,0.8553898919201884,0.8283381485187168,0.8181787494970827,0.8324207203629214,0.8291589277334974
239,0.8300909596895529,0.9251859638148847,0.9189317672257971,0.8250688518802962,0.8360233506041269
240,0.8906053227553561,0.8939088725015626,0.8705076769502222,0.8650417079235974,0.8774383360214921
241,0.8636211960198217,0.8836974594094866,0.8962173419007047,0.7621742712068482,0.9265940297150341
242,0.8105065083441243,0.8921945538614089,0.8199759800175971,0.8160264122655921,0.8599608837993471
243,0.7894222007692873,0.8110611620217758,0.799550924289463,0.7827048664545716,0.8166867215719945
244,0.877834637658294,0.8811810958670623,0.8991558809767347,0.8379062271382475,0.9134630778251647
245,0.7465314037426438,0.7815150539989331,0.8471102884097627,0.7515779889144062,0.8621748488367214
246,0.8880241547386395,0.8562098772936677,0.8376201107089394,0.8036081240710116,0.8407316088420782
247,0.7305651956076556,0.9496933434437956,0.9050124757315805,0.8553119423184861,0.7416775293406723
248,0.6958285902685926,0.7522684171566985,0.7348488413340997,0.7230991897011274,0.6986258979257692
249,0.8983511563608553,0.6093136794796109,0.97856150446811,0.6924427435231625,0.8006940677891862
250,0.9480181632184227,0.7850151809160163,0.7852012691055048,0.7594268254182684,0.7484964709161368
251,0.8021106572842801,0.8264102347737585,0.8604786184395218,0.8316781569187499,0.8012047542615702
252,0.9072878229472771,0.8775726633461439,0.8953996708558428,0.8920728758159192,0.6919044037686425
253,0.8076362271174109,0.789085884629722,0.823675917277074,0.7919766839333017,0.8279374351621349
254,0.8719269096717369,0.7663319090728059,0.8728067979029318,0.8035767662990937,0.8782940208656652
255,0.8013252217336827,0.8491595818110691,0.8918137721389453,0.5864773545833859,0.5864773545833859
256,0.8933932514590748,0.889809606699347,0.8933395080769256,0.8466602069948884,0.9264308969015308
257,0.822270945503146,0.8635912536742795,0.7956578155871992,0.8030609456452328,0.8123235130220119
258,0.808794453448866,0.8732602894787254,0.8691682222440827,0.8315703660053877,0.8468515105202784
259,0.8367682662571146,0.8382244558580912,0.8455716167138877,0.817683439595502,0.7822716674525932
260,0.7000325992101147,0.7608346115126047,0.7608346115126047,0.7404661284691295,0.7608346115126047
261,0.8690823913742012,0.9019850900298209,0.8836611048244348,0.8499095863858485,0.8802232989973302
262,0.8939856053122269,0.8972956239967285,0.8824270008687031,0.8229037121844073,0.8663995465354014
263,0.7766210028218404,0.8290951887709556,0.7881337919881722,0.7650441623963097,0.8754556236022842
264,0.7792026826824792,0.7690690945853124,0.8824718735449317,0.755857220017225,0.9087181659342789
265,0.8067361657045812,0.8207779858953462,0.7839024219341457,0.8025063302011888,0.9059366445505436
266,0.7790455046043095,0.7496811528542079,0.6828910638324198,0.7643497029807806,0.7031650711086033
267,0.8567030712015795,0.8637689842319307,0.8550058003667418,0.8370576727234051,0.7512840850837438
268,0.7369879138468856,0.909307906021001,0.8885465814860984,0.6902544211190887,0.8828395166132925
269,0.8172241664762945,0.920566953900017,0.891612350380531,0.6342181533834549,0.8967526873738256
270,0.8611688836489776,0.8496649083792434,0.8835419009057481,0.7785462859241407,0.8983903243341306
271,0.868369038626147,0.9101335969575958,0.871394493229634,0.8034465238563914,0.8435291879332463
272,0.7909252019832904,0.8663227263619407,0.8624113751151244,0.7863745127230102,0.9353005210275858
273,0.7440617909563196,0.7344614768656496,0.7269561304284253,0.7661899929325982,0.7694213023123673
274,0.9289080626402566,0.8523426813470734,0.9688012988902659,0.8320791891629583,0.8296820977020241
275,0.8280319545898336,0.8792819788092341,0.8555963838594959,0.8544826648622245,0.8718588733390861
276,0.8599856171376267,0.851131805198866,0.8650944284266778,0.870054041733698,0.8400905788006725
277,0.7078662648909199,0.6351634746964024,0.7181736784102423,0.6341637108167575,0.7006583988571136
278,0.730091400069706,0.8238723897096981,0.22443020821680443,0.7806704413594191,0.7964940854583713
279,0.8273981399455349,0.8980983533084327,0.9032593875897823,0.7887740602690769,0.8727376893491354
280,0.8608346120149055,0.7704133648306273,0.9086348588990056,0.8111298618631881,0.9119889254287646
281,0.8417168544483136,0.8394248490150178,0.8558150915863733,0.8055649665015435,0.8381689289790739
282,0.7922988031913296,0.9015889701254647,0.8596655332937408,0.7373408988849927,0.8617384743436901
283,0.6188957072111779,0.7175888364481896,0.7127811564783221,0.713355755890647,0.5916340690622678
284,0.864973198009206,0.8841901177950792,0.8649104085209575,0.7137073590488395,0.7685771633524422
285,0.8509782301399358,0.9376108965902747,0.9036247354881203,0.8997962175652582,0.9330997495656594
286,0.7898759860692381,0.8749279861790915,0.8351010040739644,0.766175824203035,0.8323568446365699
287,0.7875804348448976,0.8390378351314399,0.7857228958949745,0.802957848826745,0.8203329993220447
288,0.8228172869585137,0.9132195896990949,0.8950377894629546,0.8774739849536224,0.8920427729902222
289,0.8194825078419187,0.8849367945430612,0.8420437679824352,0.8185941854396477,0.8658901172722819
290,0.7161481870864929,0.7640117247046488,0.7648605907147842,0.6363313795267096,0.7829096953644136
291,0.9268940913357644,0.9291369831517471,0.9339855774955005,0.8544444576006258,0.9077385612045104
292,0.8259953110748439,0.7618800679595531,0.8215615930958781,0.6821668015567789,0.8100688208072421
293,0.6955753335718539,0.8137187177861368,0.7112924732195424,0.7617881813303287,0.7888231468518753
294,0.846778311657182,0.8130486245448909,0.8071280794703742,0.7705465323290841,0.8123011746482237
295,0.8349751700737815,0.852459688281668,0.8505403583102402,0.8698785013025255,0.8591778257712536
296,0.87431549575479,0.8441435391961466,0.8804212995931672,0.8390669582866541,0.8779512676935314
297,0.953641167953265,0.9481202915168736,0.9344511638381798,0.916704592243506,0.9521992133166228
298,0.7474476925193917,0.7833061088568704,0.7624460497725275,0.7368036063386553,0.7379576350778113
299,0.5269194905776974,0.7667590053078415,0.7159401860939517,0.7387235862438865,0.751024164048386
300,0.7153233160652449,0.6999429957743518,0.7228259083967356,0.6400248201756723,0.6887012718008864
301,0.786316041613854,0.7811396135538751,0.8410865289915016,0.6796857259592524,0.8666920805600802
302,0.9108553802813782,0.9200119975795766,0.9302156194288788,0.9264575173264556,0.9168015822759
303,0.7961067088187005,0.9433906996019464,0.7409051774546981,0.9090472337478674,0.8744337342881691
304,0.8604750653970453,0.8934316352465893,0.8741169086030711,0.8090393668606161,0.5993963884230621
305,0.999999995,0.9116213530718613,0.9488708988086255,0.8002229031547081,0.873412800812973
306,0.7120285287810381,0.7413102703208515,0.7227100949836117,0.7225184235038873,0.8107699290826659
307,0.8382888079620913,0.8164333398295087,0.8750331705860875,0.7808667094114459,0.8644911292251013
308,0.9203159903630403,0.8057623226617271,0.8493795405009604,0.7667138288386206,0.875251056606101
309,0.8367479006546934,0.7985391000326652,0.8153698132517073,0.8885306076449151,0.8255951739977416
310,0.8869059419923497,0.9047290640260749,0.8925433591516426,0.8805741634492046,0.9179868099027798
311,0.8504762592759099,0.8100012587172337,0.8298794072115112,0.783256667408889,0.7804419352120348
312,0.8928918371937751,0.8596551968321552,0.8847029897774363,0.8355929828622146,0.86874006573626
313,0.8208578261653477,0.9511950154230028,0.9382363531575174,0.8031726829852781,0.9493238529781316
314,0.9016078087963791,0.8887193759913836,0.9177659359627387,0.849966904234588,0.8763262808763106
315,0.7704157813293033,0.9041013240671727,0.881739775704969,0.7196002613473752,0.82689743309255
316,0.7997209892013869,0.8950658836795187,0.8073366139310933,0.7750789340290951,0.8062100980379976
317,0.787179699737947,0.8858500789364364,0.7563649160922766,0.8948593294350492,0.8217001061412311
318,0.8402884973737007,0.8260360710434056,0.8492945270213156,0.841122970459172,0.7692128309757903
319,0.8583324681311826,0.8543180959696246,0.7991333405265559,0.8353982416501893,0.8208857924771102
320,0.8170410669956615,0.8053860527534881,0.7834832144111369,0.7943893629217215,0.9051737974818683
321,0.8336543078650681,0.8414979335752232,0.8444739875706134,0.8084788662607683,0.9036808707532616
322,0.8840590829541183,0.9036959029868179,0.9624535998301844,0.8698733373511759,0.7271641165095472
323,0.8268323616771667,0.8351888534245728,0.8346994558232845,0.7782154449969787,0.6506685175976065
324,0.73362996046987,0.7378648530759401,0.7419896686537778,0.6959186195599786,0.7390483824270417
325,0.8925307747806716,0.8732491693218939,0.8833783286179406,0.7511979208211371,0.7416036794265854
326,0.8742770789231812,0.8120025687367683,0.8178558840715269,0.9083218000197169,0.8300503194242569
327,0.7207506028891069,0.7278580105260698,0.7589379637506722,0.785313033167086,0.7333568580677973
328,0.8658463768296266,0.9275659609642329,0.8485221564129587,0.8575663866981136,0.8778897334753013
329,0.7976369142455001,0.8522700859980824,0.7233822708062201,0.8500403281600362,0.7752396462796725
330,0.822223526063915,0.8185218879246708,0.902933943939943,0.8049685820707064,0.9183363300097843
331,0.800280135081883,0.8966528031302373,0.8895196521658014,0.6941146536392233,0.7160263571880591
332,0.8503264905387231,0.8102677004678396,0.8309964957872734,0.8078561002950991,0.8298310972292244
333,0.7085188228474549,0.8699377425692814,0.8841145976065233,0.8496365892717953,0.7507498823416073
334,0.7659758090116976,0.7784308023940658,0.7864128323621178,0.8799166702681007,0.7829650633604346
335,0.9137093959744857,0.9360605595996981,0.9657766697104762,0.9200060297915874,0.8886910558782429
336,0.840070358904116,0.8218852728020916,0.8432271013357432,0.5981526996402686,0.8217101094739049
337,0.7732986320273995,0.7414507215105953,0.7168591370742217,0.7858296226680068,0.6330476492327176
338,0.8183846594909439,0.8470199005835473,0.8263446748913429,0.8198762157944107,0.8366587786602101
339,0.8112132928512442,0.8057076667585696,0.8321877067700717,0.8174994650930212,0.8013024369101204
340,0.79502961600567,0.813133351865903,0.8274804988595661,0.7974611947901523,0.8174331357263049
341,0.6001822638945463,0.6532080557979373,0.7205190752158112,0.661019982752434,0.7123746577076944
342,0.7500560655280499,0.7665599876908842,0.8925440878921603,0.7362202240821757,0.911621863619525
343,0.7721638898959099,0.8786722376237452,0.7816767680403067,0.76549274490681,0.9167768892989508
344,0.8333709882497524,0.8752896760254953,0.8439096168138656,0.772809752844239,0.8879499384873051
345,0.7184661259390391,0.6839049179226495,0.6497462250523203,0.6185982483331988,0.9051718264865222
346,0.8204777440171592,0.8174259211439192,0.8188675972613877,0.816930870483037,0.8182220158482567
347,0.8750703626420174,0.8313593834677214,0.8531473400454215,0.819850149452259,0.8240164058062549
348,0.8862259286740123,0.9100438806365421,0.925481949069666,0.8992092547154413,0.7945231664358232
349,0.7614602389686895,0.7927802815626135,0.8450314306038677,0.7797947054371456,0.8427391641479753
350,0.784717980367266,0.78735719382312,0.8347960492821825,0.8161707362217253,0.7979019594778337
351,0.609356501389624,0.620175830889972,0.6117484892068491,0.6310754579267526,0.6217197049687294
352,0.8279886020123606,0.8526155901266755,0.80818934792159,0.8598622170565323,0.727889750540466
353,0.7980589584823606,0.7900724996747438,0.7842624382239137,0.7107329320163994,0.8084982806920217
354,0.7754205966294346,0.8080460717559051,0.8328836945086159,0.733392931051527,0.804956922926124
355,0.8421660681755226,0.874233272709473,0.8056646516524111,0.8408568489698586,0.8081875684434996
356,0.8011384226044528,0.7958922247371637,0.8560477744855406,0.8021989813844129,0.8039939181423499
357,0.7865914434869548,0.7823057041223341,0.8092091073665121,0.7426516908672457,0.6758578417281075
358,0.9435534197637786,0.9338979280296366,0.9373552638249739,0.8728809491575781,0.9489213261221784
359,0.8740456233770618,0.8602440965122912,0.9333952933138182,0.6882014078818622,0.7040028349585525
360,0.7834645003877191,0.7935251195081364,0.7818790195642549,0.8039745282388577,0.7796562619729296
361,0.8155428485153099,0.8798889411852425,0.7795239155901613,0.7662948710251064,0.8408217504100648
362,0.8599054731314182,0.80576808405878,0.8885312262164691,0.8006220072208229,0.8509864730434296
363,0.7791409710826342,0.8019387465451072,0.8071605454507086,0.7767687840461236,0.8078683801066906
364,0.9575538157456922,0.9357891002973844,0.6868304320621708,0.8559077893031011,0.7299266161692258
365,0.6637392093033432,0.7278824717197356,0.7329391016185334,0.6614587452071474,0.6984717832989424
366,0.86256803625396,0.8784357233084669,0.7651097771036938,0.8567728166279581,0.8417897470425703
367,0.8884055731068972,0.8879375955536988,0.8707614945127804,0.8752489751978803,0.9132045951936331
368,0.8213366560307351,0.9102724475862355,0.8257258132527456,0.8541262784018829,0.9364507147605909
369,0.7737180611844738,0.7776750274326409,0.8316766313404124,0.7487301186353288,0.734861037449821
370,0.865285807273338,0.858344893202658,0.9055410571322675,0.8327082572604014,0.873328017534808
371,0.8501662408747944,0.8969337250950861,0.8596811181277059,0.5838755605466367,0.8857576036389035
372,0.826416888249869,0.8638082374535743,0.8212847630269692,0.7464117072134488,0.8982875056566597
373,0.8130733317665987,0.8379961804855757,0.8459189957579174,0.7961334156592478,0.8112098714084351
374,0.780524191109963,0.8061706485577079,0.8339073943426063,0.7267567836248445,0.7946894522649998
375,0.8348772937452508,0.8001337486022252,0.8202023613057894,0.7574594926660447,0.7537493406175233
376,0.895433215750737,0.9195021476587925,0.9147464199774783,0.7572840552108682,0.9402630262134599
377,0.7465967246662377,0.7056780554111998,0.726054889183409,0.7549676489536121,0.7328952650558268
378,0.8566855107974582,0.8157287372512665,0.8861750198395019,0.7747188511741692,0.8079874886780908
379,0.7212667367102479,0.7356560954991919,0.7332845706803004,0.8097680555189811,0.7692161756378754
380,0.8746922816218028,0.9063223105585653,0.8841982304402709,0.910108324832215,0.9689153301314559
381,0.7467730898233208,0.8050257588935499,0.7495346050671855,0.7804275441038847,0.7875716804365203
382,0.8059332814792463,0.9083019994702681,0.8924407836471121,0.8166410194229168,0.943166458806751
383,0.7596930806206091,0.745429761712917,0.845506994858408,0.7355903593855361,0.8762916728892512
384,0.7622326236416679,0.8703861329705396,0.847520873638712,0.7339597898208867,0.8519450430103815
385,0.752968593450247,0.7712221501995323,0.7550332962301416,0.7663279203528655,0.8190532175995044
386,0.9059631972569664,0.8688473994140404,0.8973079720432537,0.9244742263009524,0.8738998190350299
387,0.8385288444916384,0.8723523321367634,0.9088958824166377,0.791477824555405,0.9202648195017753
388,0.880976786962129,0.8570742950300103,0.8346696994343342,0.8373819373538214,0.9089997303607402
389,0.5331809781732167,0.8516233290698273,0.8852545222646482,0.8622528089986711,0.912244543823345
390,0.8539501097649921,0.8215251636018195,0.8193090194449912,0.8502827135679865,0.8308658526005916
391,0.9013914084805117,0.9218029021195442,0.9478882724545903,0.8858706392733061,0.9107896142429456
392,0.8224955754734365,0.8022398760099163,0.8318710931605858,0.8456645543387633,0.810550925090193
393,0.7140972938235738,0.777957495465107,0.8318501367178077,0.7942006208178868,0.7667866420845949
394,0.8469011726809664,0.8646658985770693,0.8472137558373537,0.6544577819845633,0.8882059180290912
395,0.8821204607336409,0.8730276828826985,0.8663166698618274,0.8395596643876618,0.8713685828448966
396,0.8457469211474147,0.8600603307576682,0.8524994219408278,0.8016887421664308,0.8201881117049636
397,0.7597579473277724,0.7589995049335378,0.757426286474155,0.7500481496456212,0.8214464555331298
398,0.8021513999866844,0.8602338177914556,0.8489605667530162,0.7417856653503111,0.9010166151230653
399,0.8661947843818515,0.8983828191091925,0.8998302558317386,0.8898990277331599,0.8975364445547583
400,0.7953750192501386,0.7843876787957565,0.8278211202290894,0.8001175022560383,0.7966108619670857
401,0.7926464553554395,0.8137884707896947,0.8028312110272647,0.7939705193962607,0.8470824182341171
402,0.756535216560548,0.7964263514171002,0.7805911797093628,0.7589686144121753,0.7524789271949394
403,0.7276417300693272,0.9214408193699077,0.9255467072617429,0.7155690165516012,0.72943618453073
404,0.8612958855924328,0.858700723026647,0.8907214591244849,0.7945764879658992,0.860866331691536
405,0.6425561898869901,0.7976258570745066,0.8300290609129674,0.574159300197792,0.7489062589785668
406,0.8517492733523832,0.8816016962264506,0.8577693864897068,0.8940615639686138,0.8951756929303191
407,0.8250704427004564,0.8500735216857723,0.8486479950775122,0.8334467867592358,0.861354474277747
408,0.8055282899805112,0.8060586602286354,0.7320695860832703,0.7410001433967752,0.7555436014582335
409,0.8866750211850906,0.8937458363061161,0.8937458363061161,0.7719949494958058,0.8937458363061161
410,0.8435273932900346,0.7878332825538034,0.8724099192676643,0.7729137348917954,0.7651577516772077
411,0.7954026791665874,0.7916951266409586,0.8252352519939563,0.7345920643383744,0.8020228941081565
412,0.8376050115401161,0.8143342091238938,0.8437036350632094,0.7788984466835607,0.8866836653347664
413,0.8422591193189706,0.7576503953246023,0.854926151444348,0.7293015610648822,0.7465259202341997
414,0.8402833719814868,0.8665675620905772,0.8725984728820758,0.8454736928807077,0.6681635191592217
415,0.8265229777595448,0.8752125220543006,0.8463137882051882,0.8196030576203936,0.8734058174945881
416,0.8573676558812529,0.8466507297467789,0.8469939293083886,0.8480045140893792,0.9051028532249132
417,0.8607792904386251,0.8637130754993054,0.8025193289802911,0.8643468486387407,0.8221400055058695
418,0.8540626950820985,0.8357904316377792,0.9055904175191135,0.884456496152154,0.9495482291510873
419,0.8753077808777239,0.9218162100123469,0.9550113908756742,0.8598760122554696,0.942459689626142
420,0.6872490440728914,0.6491932003044135,0.6305721005392161,0.4195211483217209,0.6137476741637677
421,0.898964704467292,0.8466572195177253,0.8875494673112236,0.8435502007341157,0.8752446030881246
422,0.8440272712128827,0.8928064354551974,0.8092144099383053,0.8196577114453466,0.8256200790309557
423,0.7809091515704562,0.8008766785432339,0.5108044937581147,0.7812244748617788,0.905645468396565
424,0.7726903764442564,0.7856732212674753,0.7843488254019265,0.7417156531478416,0.7702341393927967
425,0.8747806345887984,0.8276102829859522,0.7092831570279052,0.7929625232002779,0.8002437033264818
426,0.8567583991960384,0.855951719950115,0.8217147533831686,0.8480032639747545,0.8879532427413518
427,0.8583427243429111,0.8511037433801717,0.8609379785042954,0.8557847713623304,0.9414539738853668
428,0.7683136589560036,0.8059442960214923,0.7813992014963903,0.7707119781617832,0.7741759225217326
429,0.8541460390075255,0.8559853716615535,0.8745183358537927,0.8607481147019602,0.816477752803744
430,0.9134312814869733,0.8335605777266002,0.8961493252308692,0.8298668687433689,0.9216303394265509
431,0.8275329245898932,0.8911858331186975,0.8685365930697078,0.8515345025131839,0.8409439747334589
432,0.857853215542759,0.8626314294901887,0.857382804427932,0.6658560415166969,0.919958922720535
433,0.8460887707669359,0.943286006371199,0.8981172535202901,0.7849899667187682,0.6902479922390563
434,0.803445146900263,0.8173026634354362,0.8505517741250154,0.7230295954265675,0.8345093719230555
435,0.7812940909915849,0.8003832931008997,0.8511095716062482,0.7955746350805266,0.6502823081003606
436,0.875327428537566,0.8343429626912403,0.8258688862896616,0.7667004359970401,0.7272867081957151
437,0.9574392612876044,0.9362073411958278,0.848576063769763,0.8444570505959166,0.9331781915121125
438,0.7464583483407691,0.8683808970214484,0.8575739209187336,0.8061503640927149,0.6858766650865914
439,0.9146666194179428,0.8643103854002339,0.9036280837949572,0.6242238832134633,0.9133517955310728
440,0.7311910143357433,0.7227486899834412,0.724710333507466,0.7381402164321296,0.8357197824646605
441,0.7711082888429227,0.7593666474110056,0.7787982106197545,0.7737556272036096,0.770481592812601
442,0.8815648418254272,0.8697293288299194,0.8171033836816927,0.8497788500894246,0.8529020529537773
443,0.8496035273163226,0.8316785734969746,0.6758266618338684,0.7891031923077862,0.9238962926973951
444,0.9670059313604119,0.9401390831877842,0.999999995,0.974668139765996,0.7036417124415514
445,0.7500571260280781,0.7837556124033356,0.7981041702993793,0.767150876001662,0.7546064243628204
446,0.5551798001968352,0.6111847194104674,0.7033983906737823,0.5223490306283249,0.584352404382481
447,0.9265969814842093,0.9164813726128928,0.9095434241302135,0.9260112484628392,0.9138750800646087
448,0.9007680111670184,0.8687545728471385,0.8822744439814129,0.864251664673724,0.9049633391271537
449,0.8922571489883784,0.8786057015191986,0.9085710397038306,0.9268230121454107,0.816536008886384
450,0.8376456702797661,0.8743978355979151,0.9253951662315132,0.9075657141048313,0.8488126041482462
451,0.8669844565396982,0.9061308981768537,0.6589590909883895,0.6103369784271957,0.7952900179384551
452,0.8627122703130947,0.8703495454372525,0.8651874298579799,0.8599101643061705,0.8907435546934344
453,0.8363846081458091,0.8814580079616477,0.8208618994887367,0.7709357696270845,0.8369685940106207
454,0.9349287664277258,0.9297321509365951,0.9295836444017603,0.8818329510928214,0.9297321509365951
455,0.8389690808526961,0.8089310439295687,0.8337869276072809,0.8288042952350506,0.8240585291527054
456,0.7096171144906983,0.7630605368089588,0.6942972384584973,0.7379529655370017,0.6862419038755974
457,0.8587392354631923,0.800712710060996,0.8723911549813407,0.7214010717722913,0.7271735699904879
458,0.616580285363601,0.7197601781965088,0.6652261441279127,0.623982788708531,0.6057971945678177
459,0.8145848554158073,0.8213924234891377,0.8366567489965342,0.7887351376453607,0.8148410120592315
460,0.748705818342683,0.828334045611961,0.8259846597989017,0.8327384852283741,0.792320567897872
461,0.8728109891447533,0.885364810156085,0.8363420352421377,0.8450205159744224,0.7670778312446219
462,0.7392268550278946,0.7281514432898204,0.7494567336980372,0.7119842508603963,0.8532016147130133
463,0.819369421082158,0.8643844248163792,0.8052689722061511,0.8276314666443728,0.9443001820159056
464,0.9039052408482001,0.8564827008534704,0.8876581892951407,0.8859168132585512,0.8836043928695235
465,0.877565823706857,0.865493359677191,0.8358593276591324,0.8402571218814507,0.8387065944614919
466,0.7682269034378867,0.8250648702556452,0.7864440644969354,0.8184142701465211,0.7636200218546074
467,0.896831408232717,0.9309582078399643,0.8755464140297609,0.8968885687660817,0.6291555431257189
468,0.6081061773202401,0.6695841205902345,0.7874511859911549,0.7778364907188982,0.6695841205902345
469,0.9175732372373049,0.8987653548271978,0.919184758347176,0.8049645009564831,0.9060637458730233
470,0.8285776977247463,0.7524757871026241,0.8405652239071151,0.8354917754420634,0.8290790843632527
471,0.8954520037603811,0.9023806792723185,0.8681599268554855,0.8794669038701308,0.8965585776096591
472,0.8977596252718645,0.8653237908007096,0.8635574656915952,0.9424329001297236,0.8696254063918296
473,0.8243225459057589,0.8581063258375811,0.9882389533347312,0.8129751200635774,0.946519805130594
474,0.8547877237477728,0.8650081420449455,0.8888109333638758,0.6926844268216086,0.89767179461508
475,0.7160212909364679,0.8089969804098921,0.7410948662234038,0.7308593170914053,0.8559754989488247
476,0.7542589136197595,0.7461380898666513,0.7826251465606466,0.7502789970770417,0.8070382577892028
477,0.8528803337738686,0.8278165187346144,0.8926569484569258,0.7703015031175744,0.8554461903627028
478,0.8720589859383328,0.8624188421898062,0.8949785558944807,0.8735333206017494,0.8838017292785988
479,0.7813524702200199,0.8122622766667087,0.8080956078890608,0.801574255431715,0.8771127382257771
480,0.9010795089361172,0.8397371920754325,0.803076706387825,0.8213207314506533,0.8199091993497568
481,0.9006874045593818,0.9267579369873189,0.8646688091568626,0.8841222760301537,0.8842512582817592
482,0.8649700903215155,0.8523072275629042,0.7817523469842512,0.7796642259719464,0.8140957142913174
483,0.7548049351950954,0.8612262978536229,0.8664133948001409,0.8316469034723467,0.8275149099960143
484,0.9129998577738756,0.8761538192786588,0.8341630937000237,0.819083073482406,0.8167579804022709
485,0.8289384083130865,0.8631116776045012,0.8578122863396079,0.8163358096271535,0.8956300855441554
486,0.7624791508957768,0.8443028964253496,0.762019547077715,0.7480167497399068,0.7606872298748195
487,0.8928900996430255,0.8533800322683112,0.879903738778758,0.8540581181646577,0.8714437631607227
488,0.8168007464802518,0.7892232689010118,0.8313841625847369,0.7875246488109525,0.8669310606494972
489,0.8675892675347836,0.9153402085743332,0.9179780489240619,0.8103711931777731,0.9195288887981419
490,0.8852533022147044,0.8326582214598076,0.8729483154718648,0.8478911498782888,0.8753602908988689
491,0.8284586800324473,0.8560995643523823,0.8489216608333937,0.7539240118008723,0.8469231534567501
492,0.9159020767044939,0.8485703703686412,0.861791399506404,0.999999995,0.8564727182521101
493,0.7532897967424036,0.797602507837248,0.8000037926248101,0.7272144257421213,0.7257432359139232
494,0.8614913679843318,0.8578577494746488,0.8731645477263561,0.8062450512387945,0.9385018954047495
495,0.7790507778618934,0.7944015270806504,0.7601120006729021,0.7904984393462834,0.789522493017676
496,0.7938772727795808,0.7718074123359573,0.8252480228118633,0.8311152936344899,0.8292286536533429
497,0.8235943233290595,0.8410579237301848,0.8325809118754436,0.8251185397552436,0.8412874493618585
498,0.9206381819424964,0.9356932513940331,0.9356932513940331,0.9362723197197628,0.9608664534092387
499,0.8611253752187453,0.8387738286409628,0.717465065725684,0.8791551554623013,0.8338743941075616
500,0.7436647625165141,0.801511868920893,0.7819740983510515,0.7078557885806775,0.7784662166037319
501,0.7794771491029946,0.7943981178487869,0.7762907002533695,0.7590104046400468,0.7928712844836373
502,0.921040789364737,0.8892474645115596,0.8913421628320403,0.8841771872207588,0.9569160152628295
503,0.7646308488487825,0.897594980747994,0.8985427646331308,0.8064214919101634,0.9051428292299175
504,0.8577225698022716,0.8553488771332043,0.8694258009570783,0.7662736349526197,0.8694258009570783
505,0.8713068992541433,0.8323763164741534,0.8748287767260546,0.8307500003167202,0.8426385339279786
506,0.7859855583631451,0.8147494340714811,0.7978961703510159,0.7626421180692744,0.8830633957546306
507,0.7658709972691258,0.7760813493320766,0.8280594290334999,0.821206898455893,0.8604304568633924
508,0.8046000261300998,0.9095272231255969,0.813275318870902,0.8070538716777547,0.834052655463292
509,0.8439976249649209,0.9241994697835855,0.838891508661102,0.7749862782757251,0.873812518147779
510,0.8187981208267336,0.8972482265880499,0.8864043681933143,0.7976804043330663,0.9036248630117918
511,0.8625764742004497,0.8105339977705456,0.8781510459919905,0.8084608099781858,0.8156996332293329
512,0.9258902406482552,0.9320513557722144,0.865954263266561,0.8835452821714748,0.8519130997663387
513,0.7373011441840402,0.8161322645802522,0.8570750331492354,0.8471509696157994,0.8060148531324175
514,0.8950670928389893,0.7536182791837781,0.7471228708304967,0.870414033322515,0.7400931624430792
515,0.9451082846382738,0.9050052234195505,0.9283362996236532,0.9252372101670148,0.866884421461286
516,0.8360956661887775,0.8941222493644957,0.9242558533838846,0.8353926694780708,0.8406398757448577
517,0.8819132144625357,0.864773457287305,0.8461872909510957,0.8174311575931461,0.8917989876376742
518,0.7938425573548212,0.849339371799388,0.8288384128995671,0.7673680112042401,0.8358914691966678
519,0.8868527202608304,0.8441986913101949,0.5984556423826989,0.5675307889787194,0.8967845635211447
520,0.6898972097022924,0.8776100570611319,0.7741156743707368,0.7863078141767459,0.758689628770375
521,0.9277538694339074,0.9271067917644737,0.8483934144906237,0.9151245398561545,0.9364062314219022
522,0.8914320957635656,0.9564412227648846,0.9353609513668956,0.8014933535390899,0.9627517750915434
523,0.9062425459269672,0.8742445638450109,0.9060521302678436,0.8338161254209553,0.9042738065170663
524,0.7769471024155252,0.8322885532441092,0.8322740809109235,0.8007645035820821,0.8007208046763585
525,0.7600501024882247,0.8370288590985667,0.8649124975875919,0.7750410767582493,0.8927165694328517
526,0.8046724025834687,0.7855263505189758,0.8342608031335508,0.8000885821241176,0.8212430991869013
527,0.7855184532323363,0.8200015060208093,0.868679582461573,0.7296594711845302,0.8903185077561667
528,0.7529662555081799,0.7879855141304452,0.7680973516894339,0.7639478203438168,0.7707178531024542
529,0.6272958675640378,0.6288369118704511,0.6402304474545192,0.6282522628450966,0.6315763901184016
530,0.9596355845329441,0.9419861850665125,0.9277767487335622,0.9186082956379497,0.9350554551606823
531,0.836956520183194,0.8341082097601482,0.8670116145692303,0.7975988233462236,0.8672605022322405
532,0.8200114036618884,0.8333060793196265,0.8087150558314377,0.7970279202751037,0.8223055523319436
533,0.7796262801480854,0.9015942320572333,0.9114585488689337,0.6791072348631745,0.8287937479809638
534,0.8618748038516354,0.8916843755483627,0.8010798945055158,0.8922138966794333,0.9000656991775676
535,0.857585254286585,0.884767554137461,0.8916559752664882,0.8769883089208372,0.9031440659551674
536,0.8637928531306971,0.8574256221696758,0.8647193084439707,0.8624954322994791,0.8630286040831585
537,0.8478163606063697,0.8758691851256408,0.8496188164716277,0.8163818060051599,0.9002507723759596
538,0.791647256391906,0.8870747295608338,0.8436865865628049,0.8236098631107366,0.8888131971173321
539,0.882568582748548,0.7983098468310458,0.8995561731125803,0.9103579167763463,0.8826472766793149
540,0.7806738421646086,0.955890845863924,0.8449946115411898,0.8850050413306714,0.8748060870033764
541,0.8852553494869464,0.886119688485823,0.9002374565470987,0.7354098727193249,0.881293326185028
542,0.8853009324043108,0.7339751944125428,0.9177506766770408,0.8074930325680137,0.8360962059777696
543,0.9009843212482991,0.8520075297556555,0.8983639139689062,0.8389562082135267,0.8917743533522937
544,0.7436416389265288,0.8552421062579574,0.8030496364638617,0.7326925855277334,0.7367073485813924
545,0.8781938064899069,0.9271799743345525,0.9044539484540611,0.8640281544181349,0.8369445715255889
546,0.8803663198347361,0.8773133235863325,0.8731290638450812,0.8684329603204101,0.9020566885998776
547,0.8975571269885901,0.9285482583663986,0.9379486183313305,0.9337316603329167,0.8937292559568232
548,0.8170123306657419,0.8466961788794412,0.8478358832985846,0.8323463265574175,0.8528024030312564
549,0.8285641104326212,0.8225721061087455,0.8457299295014299,0.7883166688333294,0.7489723200371965
550,0.678744416805892,0.8718618753541337,0.7139591849429637,0.6835275162867218,0.7106927404634573
551,0.8111546012624717,0.8131224470861425,0.8188835348680285,0.7015590404112467,0.729981578669113
552,0.7620361255861033,0.8699099580851536,0.8827949165312514,0.8404710042854695,0.8816755993956452
553,0.7846241488204952,0.8799614685558361,0.8804700005870246,0.8510850206348916,0.8656721045460308
554,0.8833449234840147,0.8846310490406383,0.8841332561179737,0.9185843512205656,0.8731312877816514
555,0.8036339189725726,0.8396894462853826,0.7524846830942383,0.8408136890637774,0.7729320528707048
556,0.860455014861962,0.8739933207841202,0.8901365914639691,0.7791195534855513,0.7883948890743859
557,0.7892957172829146,0.7936359031724509,0.8076800997381116,0.7804066923255332,0.8358438265061766
558,0.8685309994516588,0.8968847556853383,0.9359390298420773,0.8959912218449501,0.884115242058159
559,0.9049374587354304,0.8238295016845458,0.8828276050574352,0.8077313253834076,0.8333327590970028
560,0.8117417358983988,0.8302682714136754,0.8488447248203155,0.8091583963991247,0.8492089907641479
561,0.8023318617810279,0.8157552445179237,0.8168865922844264,0.7783019583398113,0.8274155023825348
562,0.8493197009223924,0.8289933689483826,0.8448217812370027,0.7927590393801359,0.8747943201401095
563,0.8582273068602755,0.846526707971404,0.8952897758567868,0.8750517185127056,0.8422833716538368
564,0.797239739774791,0.8228440223733847,0.8281295639573037,0.7137279007410453,0.8132237804483915
565,0.8511899313098671,0.8873177728359328,0.8621899022539738,0.8653476277206588,0.87711812882448
566,0.7343819624675701,0.7636124851443765,0.7195783001466279,0.7355408788035425,0.768429950003231
567,0.7921329653658193,0.7609301845810135,0.7839299002716458,0.6680641680072378,0.653637101195525
568,0.5674390372446321,0.6263412358073674,0.6103167718893647,0.6007112730101706,0.6483909392013062
569,0.805118742561693,0.8169848610063469,0.7947753384595415,0.7931594535546397,0.8039854239253259
570,0.8113832705878632,0.8520298793556798,0.8470177316465702,0.8617103422136366,0.8346986975130501
571,0.8324116039138866,0.7851078350111226,0.8262857501310694,0.8294916361424629,0.8635873513215278
572,0.8692269026903431,0.9192274555758466,0.8916233697397316,0.758470247446673,0.9209519046628477
573,0.8205784496441568,0.7615948328881873,0.836602519980033,0.82389251851527,0.825257005098595
574,0.8180933675156865,0.8162178448056315,0.8230329138274599,0.7730006906337212,0.9610259203425271
575,0.7336862694681984,0.7397320509329915,0.7507550492084589,0.7182634644516069,0.7525250690355753
576,0.8215890150665678,0.9007258436572687,0.7700275149295778,0.6919254752205416,0.8656935744494748
577,0.748025406702904,0.7365103496284326,0.7382423894448628,0.8412092741634698,0.7493406835277268
578,0.8278401162328151,0.8266102795568171,0.9032456217302689,0.7941150110238463,0.8143901276033338
579,0.8382937521678258,0.8805491211116971,0.8248357383997351,0.7501039551416567,0.8615571739467939
580,0.8153690349605189,0.8250286705619618,0.8509244730778958,0.7299046667476077,0.8495379309203268
581,0.9695915607878564,0.8535826608394994,0.912378594581262,0.7556269390273171,0.765360925127953
582,0.7135251217518839,0.6444524073147279,0.693427914197566,0.7109792362531724,0.7155356084206251
583,0.8777638737361714,0.9149712242604415,0.9379443465442291,0.8387452780486563,0.9137235126858401
584,0.8194133355569808,0.884804289420847,0.8802567067081736,0.8377451166275839,0.8459760266984946
585,0.8946190630761237,0.8918699867967412,0.9119784461419953,0.762289139447229,0.8778002331942255
586,0.8359861627630021,0.7756418698672363,0.8088631896554099,0.8185575007760648,0.8378157533907481
587,0.7467283609290942,0.7235386616482286,0.7229136501890574,0.6305365174606867,0.7465407368934524
588,0.9168634995550244,0.9541947749693903,0.9566349513852587,0.7973763077517122,0.9633252209419157
589,0.8223863572115105,0.9020984009159262,0.908891336534967,0.774573817868016,0.8440300171451088
590,0.8417939310114675,0.8527814153734399,0.8856894464395363,0.854100484694959,0.8603203081971684
591,0.8371449684562563,0.9074838009672579,0.8826384914640447,0.8776925586239006,0.8528118082571068
592,0.8790027538679954,0.8873234187825677,0.7430599481236456,0.8688821159350044,0.8884274703256884
593,0.8724455361566509,0.8775190938096872,0.9074929008838472,0.8878212767997387,0.8872510842070733
594,0.7102513051819164,0.7160452674459308,0.7027304328243041,0.7598991203188842,0.7342399946103677
595,0.5340988150984335,0.858231291869182,0.8496497802079015,0.8031444097855174,0.8430115218002275
596,0.8248008489550896,0.8418547982318948,0.8409670532663313,0.8108904517171679,0.901290952561956
597,0.9130237306106951,0.851307552810997,0.9224896353761546,0.8325067171858298,0.9168448716550734
598,0.9584031144699017,0.9489324772054641,0.9558399447993577,0.9527542033133474,0.9584031144699017
599,0.8110066517405761,0.7970145556173108,0.8273284652143275,0.8113247279792029,0.7573705070588497
600,0.8158915922185577,0.8566664193004311,0.8283850179223379,0.813319500685011,0.8558134960202686
601,0.8325761994702364,0.8277216765308935,0.837251999408508,0.820877609312888,0.9141909806837137
602,0.7669438423095072,0.5977457859184969,0.7906562810671425,0.7366489747034212,0.7624221105507141
603,0.8425565156274741,0.8376401917699291,0.8475582656998774,0.8209350118398565,0.8591690919883331
604,0.8287017614709057,0.8711166506871504,0.8905520790164151,0.8155542141214602,0.8487693774632917
605,0.595505334152246,0.7490110100126729,0.7180589615247341,0.7683418004171234,0.7185296197954985
606,0.8874359526111136,0.7396782604751049,0.8065734327604892,0.7704740625248128,0.7868297754368073
607,0.7876265813368222,0.785986397340185,0.8117878298448742,0.7883702294641873,0.8250943081353609
608,0.7824610660216716,0.8962877197450216,0.7619623646843345,0.6324391267673173,0.8648063055629264
609,0.7054874893315721,0.8473842319239728,0.8373684026529599,0.6141791026651371,0.7778257545870491
610,0.8670819110104677,0.8557426359202207,0.8557426359202207,0.7762105419810315,0.9590300862280257
611,0.999999995,0.82338057950029,0.999999995,0.6798460699360174,0.9485887988279212
612,0.7235958350882338,0.682880838322349,0.7107559841204241,0.6943195457142289,0.7107488127687083
613,0.8823955774208155,0.8617420946354021,0.8725307718820835,0.924961271504851,0.840594127496786
614,0.7562967397412171,0.7708895508781022,0.7597701307213041,0.763716832211375,0.7540975897940684
615,0.8814394511886027,0.8850882335892796,0.8617620018749002,0.8810489254233763,0.8850035660492364
616,0.9498030620517964,0.8557760838403079,0.9122225841760003,0.9742262998296548,0.7688077060927656
617,0.7220913091312166,0.7362328859530292,0.7379427484459126,0.7113381568413146,0.7457994368721688
618,0.6911504439075561,0.7055906581282054,0.8034605859268154,0.6987192612971287,0.6567808094508493
619,0.881448339679702,0.8771447686116713,0.9013894343121006,0.862507977934751,0.8474271480403868
620,0.8709324412227092,0.7950627191707229,0.8746412517569817,0.8389599001656172,0.8842628538074419
621,0.9283204055691799,0.8431188216040872,0.8321365840918123,0.7842446761882024,0.8244417027077094
622,0.7686378895204472,0.8625030017655342,0.8553749458951523,0.7901668738278911,0.8625030017655342
623,0.9261680766029611,0.7109544189551736,0.9196766508302839,0.8969329947723026,0.7332731006522573
624,0.9526596702756777,0.9558038387992577,0.9574535849978986,0.9195152802096691,0.9208349430558939
625,0.7755579075926652,0.7748260616800888,0.721598061437719,0.7780403167657434,0.8115749395694557
626,0.8201833305064551,0.8914549831690827,0.9252577402204548,0.8358305932665752,0.8995525066335109
627,0.750533717424351,0.7429705889268926,0.7464926264948528,0.7548596105980897,0.6914402453050092
628,0.8027630571641463,0.7927597598181119,0.7874181059235472,0.7015828194621916,0.8261040932435024
629,0.8507903753176114,0.8610738917016806,0.8931656591290661,0.8425537138106143,0.900613157415226
630,0.8446285926634236,0.8324184481435551,0.8300530380440546,0.8190610419616012,0.7841791362117678
631,0.8239360021419777,0.8180374406550315,0.8405270444487897,0.8491915658281947,0.7572008097702576
632,0.9487437876489851,0.9383306570466788,0.9667496914957239,0.9233696826056822,0.9441630746582922
633,0.6573210497682188,0.6998974322067874,0.6553085783712443,0.7975608335103994,0.8496253876794146
634,0.8592038711257737,0.8921618902533184,0.8699626124914118,0.8530887838371046,0.8860764031450808
635,0.8381034925350512,0.8498442965227245,0.9219496298616171,0.9105555593406974,0.9369215252690356
636,0.873221398009039,0.8676976216360943,0.8852782829587345,0.8228075056997445,0.8472450724061577
637,0.7541793088538425,0.8343112038757354,0.7596392529263369,0.7598531717825826,0.8344345048750794
638,0.8944479454556865,0.8743413647898874,0.8852005429483659,0.8961774168174814,0.8852005429483659
639,0.771289531736035,0.9151487977015137,0.9640534589590671,0.8520981388172116,0.900032125093266
640,0.7724760637328362,0.7945657615094547,0.8180682399167448,0.7889637136218371,0.7881000803380515
641,0.87835178106799,0.841025536744549,0.8658803054144419,0.8613349847639934,0.857848395631978
642,0.8689951460702197,0.9053178244567636,0.8614107164000249,0.878707637475515,0.876930157337296
643,0.9085399503443178,0.9061687294610169,0.9064808599706164,0.8600963479472836,0.9335253978940632
644,0.8369279200665085,0.8755510908110704,0.8501871704404506,0.8588136024530805,0.8353169693277138
645,0.7693597386476783,0.7709904290518134,0.8637091740077374,0.7772179552620474,0.8404560463719069
646,0.8403952314847135,0.853817377948493,0.883625259286066,0.820037156317275,0.8343884787954652
647,0.8198474911103875,0.8786100813627725,0.9157873915891724,0.7725580934503854,0.8689869602902747
648,0.7730515985917676,0.8135071942861003,0.7794958991211651,0.7951541630891631,0.8214967274895986
649,0.8279468309423164,0.8371074078981062,0.8220781853923528,0.7381263577849191,0.8090295402688364
650,0.7807498501490521,0.8033580292670911,0.7233547705668367,0.7653137604530074,0.7758616923083589
651,0.8729660755872206,0.9045261863136118,0.905657836036219,0.8831532011669324,0.9146995082918439
652,0.7181993499389634,0.7294083271039984,0.7294083271039984,0.6074346776132575,0.7330221258083472
653,0.8701955066417675,0.8923455796934703,0.8550843064499865,0.8912802550751535,0.9050077043682895
654,0.8515403152890701,0.9154878365697982,0.8848546409003571,0.8108458157583258,0.8791063096108721
655,0.6491938984487499,0.610485005499783,0.8351137201934101,0.825081866921113,0.8365232503153381
656,0.7349524000355347,0.80969915302194,0.7932944562875265,0.7250755418965064,0.806483013982009
657,0.999999995,0.999999995,0.9285456373956896,0.7130839035011767,0.9272863847990142
658,0.5507330662658937,0.7880558071179393,0.7833235306805839,0.7579912915638451,0.7164741325897762
659,0.8463352278933067,0.8423943700700703,0.8573632891069957,0.8335283849279623,0.7802301900954483
660,0.8364436775963439,0.851763968526848,0.8070000791884621,0.7456329095128199,0.853313559557917
661,0.8060629423229331,0.787263085401953,0.8103073459593053,0.7751886455258818,0.8214621230710214
662,0.8858550961655501,0.9289383446004308,0.7807881289131471,0.9378991363744811,0.797832338631997
663,0.8124694579051661,0.8284407211885968,0.7652239718059726,0.7509702042310996,0.8144208093735817
664,0.7440431336072476,0.7421442145625946,0.7695282359961109,0.8220222368132402,0.7562514861595965
665,0.7432700837108207,0.7699390433065335,0.8274669107641908,0.7518868198969912,0.7443214134418056
666,0.8470223187228052,0.8498729411449726,0.8726906527868311,0.6709809021252108,0.841765134981255
667,0.8679642118018983,0.8046205339355387,0.865254982541733,0.7521495196932974,0.9113673082468354
668,0.8625967137489612,0.9031382375074438,0.9113489377914685,0.8571133536309715,0.8674114035708116
669,0.8783371830662146,0.9092793327007603,0.8783371830662146,0.8994992292538184,0.9320237925135582
670,0.77693453963303,0.7721185339362973,0.6824505721923906,0.7314257135188041,0.7117305645331873
671,0.810129114946889,0.8608050453006927,0.8223043697617778,0.8097781671314016,0.7988285767255597
672,0.8676714403679628,0.9425193199508567,0.9760862740313612,0.823590267364716,0.9129478210331031
673,0.8478991023991252,0.747803058667404,0.8387687452804505,0.7969679807597013,0.8097627748752003
674,0.9353963191875136,0.9240396475670405,0.8341061657747322,0.8191406070912152,0.9321876752633187
675,0.8236265931381377,0.8007202257015231,0.8746040229384303,0.7992532786358685,0.8076571638147192
676,0.8143690769831137,0.8280067098663791,0.7257125691629455,0.8608906049620629,0.8340471584571849
677,0.9107842967841068,0.8508343735913089,0.8732003233420885,0.6208815452249976,0.8842008439263771
678,0.9294479855322351,0.9274889542844825,0.8982162998443549,0.872512360974242,0.8914912312081091
679,0.7235518586263989,0.8717869964655178,0.7323600118434516,0.7349857783746111,0.7283466436175988
680,0.8065880170987338,0.9492996513387677,0.9523207163603848,0.8944808017030276,0.9529671008315742
681,0.6532637871279832,0.683650051209357,0.661499610911329,0.6972107466771099,0.6862228572003669
682,0.999999995,0.9030901125423376,0.8394851912997588,0.8374124866523358,0.7549200679478364
683,0.7495888899493653,0.7757486490829009,0.7932126946367674,0.6962015675273404,0.8200894388080879
684,0.8626539578672616,0.8520703312631778,0.8643430898629273,0.8565294547637224,0.8453350862959341
685,0.8049554473423596,0.8252891595545613,0.8270410895210394,0.8049554473423596,0.8049554473423596
686,0.6315883324801475,0.769762659255804,0.781223538954347,0.6467418269347075,0.6712204829145059
687,0.870523961417677,0.8790552106814433,0.6149967931388979,0.6894494194539784,0.8780480812953525
688,0.8195743652463306,0.8503577528875194,0.8185676974513004,0.7949543984827102,0.8054708878394501
689,0.8159260971422042,0.867256035694449,0.8413212718419901,0.7862659523861697,0.833342384231999
690,0.8288763876616629,0.8381646478964482,0.834980622785549,0.8326549882734433,0.8134148761140355
691,0.8455441984805206,0.8737635736316217,0.8839738423545013,0.7979627339789503,0.8309390587775662
692,0.765172238802762,0.8183488838249846,0.7864392693216152,0.7742383409342792,0.7808804913646124
693,0.869343872707661,0.8851831414408491,0.8917382380601787,0.818934781514319,0.867111195245495
694,0.8336863591709485,0.9311281635347891,0.9142257078916635,0.8709441436578077,0.8404256865658442
695,0.8656214447023138,0.9202013833573832,0.9306621884235263,0.845142959833885,0.8808261643507085
696,0.870911989870088,0.8868382901871517,0.8791225711124228,0.8662292214399465,0.9603333014002677
697,0.7509285689220545,0.8462506838234205,0.8078795805274386,0.6717960110850426,0.8406893490854663
698,0.7687323348258757,0.8251652625544744,0.7394574539352086,0.7860696239962396,0.6786136168899916
699,0.8417313833756811,0.8602138115785803,0.8428769490005376,0.6659563715944671,0.8651033868750025
700,0.7970124368010539,0.8430386965052135,0.8566176308326636,0.7923413568110684,0.7889650059561848
701,0.8222373377508599,0.9002261894830526,0.8630162568825802,0.8207343749723581,0.8853204214006317
702,0.857724270631273,0.8457532487728113,0.8381609987855816,0.8210242826724515,0.8861047658602174
703,0.8147136554580513,0.8188437637521898,0.8644737315143529,0.7991876325328874,0.8246284020105541
704,0.7953841524110519,0.8051418191938452,0.8040803561451909,0.6728625061802271,0.7668372642866654
705,0.6727378334985978,0.747260081670672,0.7069469855319374,0.7396430937023714,0.7267129731203499
706,0.8575582402240153,0.8978607800870428,0.8495920666992913,0.8742789763011699,0.8851809637490342
707,0.9026560368497646,0.8392225109313073,0.922728268539564,0.8593856508133485,0.8675814040787709
708,0.7536223031821927,0.9095412062452007,0.8359124418319529,0.8480097483904062,0.8731560800260758
709,0.8572946253184092,0.7338114426537156,0.6622000484964091,0.6490149306159434,0.7613314053180381
710,0.8576606034422759,0.8528424414501604,0.8901145951306313,0.8410958554006219,0.9131295256185122
711,0.5657657347381079,0.811635633645095,0.7922119246324687,0.7740543334929815,0.791039560412995
712,0.8241386363444186,0.9097870839801585,0.818324831861585,0.8104691482289437,0.8325928365831518
713,0.726954868617375,0.7759787740132044,0.8757553491775276,0.7869588209777091,0.7784961998248784
714,0.8889896673579482,0.8678170599698207,0.8895712960450943,0.8864196850899504,0.8759734542204248
715,0.7294013744529952,0.842275153496583,0.8444730048169833,0.7507365756276186,0.7782932141948368
716,0.8472187285988672,0.841604019541627,0.8714713790407481,0.8505832684063357,0.8446127786861419
717,0.8134268865790132,0.8411779057767296,0.8441169342607527,0.7783719789921671,0.8874528710430154
718,0.6306202301490851,0.8312911210603044,0.7226745220113265,0.6938754105214784,0.6922546949791417
719,0.8531635551575375,0.8375849731728244,0.8374062587455355,0.8043336658970245,0.8620145398259068
720,0.8497300298366016,0.8613173207448686,0.8575490517918248,0.8467009524654447,0.8526233078563114
721,0.8308548442281222,0.7849126886062852,0.8350986990896827,0.8848826636741296,0.8208217669041248
722,0.8091678212909058,0.7865381502358446,0.8076424084271331,0.8190923700774094,0.8124209541609609
723,0.7074664932310687,0.8246479509887903,0.8255920074397052,0.7145788511406111,0.7833434703212845
724,0.8057676588353225,0.8274780370478183,0.8026827973024414,0.7486389991939669,0.8256917093540143
725,0.8206516593843555,0.7712395774296309,0.7655872416897074,0.7933062352367163,0.7848776549234149
726,0.6939428202227109,0.6917231643298576,0.6903640114049848,0.6720447995947532,0.6901320764271551
727,0.7463942361091613,0.9201065492625115,0.9010874751799504,0.828688532445328,0.8086172649686345
728,0.8181722388970968,0.8110212494240086,0.8181929403956667,0.7563005257722286,0.795288168058424
729,0.8515228263694161,0.9160230980433816,0.90681983816251,0.8818827212885988,0.8607852518949982
730,0.8796034437526331,0.8799337938576249,0.8480417296372729,0.8215538614776166,0.9007236042523352
731,0.9048866553228365,0.9213745657405755,0.8914261712959646,0.9017078120325889,0.8943958500600031
732,0.6682591764769957,0.7635719432269937,0.6913813842871154,0.6879478758697073,0.7132801145600891
733,0.8474815042611291,0.8756627849863383,0.8903967628573805,0.868347945808703,0.8726920027585704
734,0.8365807253971099,0.8491649712884605,0.8433780151136425,0.7894881942664783,0.8344317256875023
735,0.6878587205646817,0.9214620923052793,0.8317547629200036,0.7999969094236569,0.9088832169136931
736,0.871724378722053,0.8311601169967571,0.8256796955856176,0.8200702181990166,0.825011041528424
737,0.9521874460927404,0.9632743723782007,0.945108983990943,0.7540895080146209,0.9189991702977318
738,0.8269482029930565,0.8248069545875288,0.852901025202519,0.822565025472989,0.8648685918008444
739,0.8336260825165103,0.8451803104495801,0.8518028438288121,0.8132022464467845,0.8095990937234346
740,0.7691432376878059,0.8081090718812678,0.7919181075137613,0.8003287427611054,0.8240774058060558
741,0.999999995,0.783804028348472,0.7388024680274643,0.7393751658805273,0.7177607273524151
742,0.8371283619528905,0.9481738125756917,0.9481738125756917,0.8310464137473931,0.7984663000238597
743,0.8321390178081128,0.7748951117163076,0.7748916313844394,0.7197043218616754,0.6632258506226252
744,0.8331843297944983,0.8088673385718929,0.8099376247574908,0.7900639606830044,0.8078936994863315
745,0.8409808591934701,0.8857634045012265,0.8747277709457678,0.7988064841138901,0.8693541519292213
746,0.8236353642514029,0.8728470038702044,0.9013749178187087,0.7933611666091299,0.8271001371646846
747,0.6965061506721689,0.8870283875439973,0.8568183284309054,0.6686249483240626,0.7825461281148434
748,0.8256097682167773,0.8760760388862893,0.8605242532563531,0.8207601926647237,0.9144046444859203
749,0.8433723675564906,0.7989283408074043,0.8328115172772659,0.8213462207424276,0.8049490433372247
750,0.738267698430183,0.8331061745968388,0.8415262403257813,0.6712873124849341,0.8415262403257813
751,0.82475625665156,0.8460161816016554,0.8329897790011807,0.824246434747288,0.812740077613977
752,0.6709863285928049,0.668887545158176,0.6781683764902189,0.6490281799695564,0.6461283310063256
753,0.8955828592857341,0.8040472966323055,0.7773126715914873,0.8002362994200409,0.6516380160644208
754,0.6463912034292748,0.7209278747098494,0.6954957918068418,0.6495154217652181,0.7170806156100188
755,0.7536866397056408,0.836625402135019,0.7794032958956479,0.7321616073295438,0.7789705286233326
756,0.8814161868060605,0.8999585881360033,0.8776446177739446,0.8287489191059696,0.818603634341624
757,0.8168972151266404,0.8153855314363316,0.8119610546779474,0.6850899172377507,0.7907700494779926
758,0.7114366316786794,0.7839961229840524,0.7903219724522769,0.7257306612841085,0.668796229782058
759,0.9190413839968307,0.9508977481975176,0.999999995,0.9164927345096202,0.7809973219189688
760,0.8658380054659661,0.8448337246942343,0.8867865445452933,0.7849635740970591,0.7920448182880182
761,0.8929001413454305,0.781211085675541,0.7509369517169283,0.6503353971035959,0.6961658222002339
762,0.905157241259179,0.9130988275408758,0.8724601846773591,0.8859576993860955,0.8816467375284737
763,0.6150174753628849,0.9487165239190439,0.658505821857073,0.815950067042704,0.7364359134099637
764,0.8117132957683285,0.822164222335093,0.8312836015045153,0.7641585325657324,0.815688470759302
765,0.7827117714322872,0.8295724222969515,0.8306509656198002,0.7811137061644187,0.8168365815961995
766,0.8987651133119199,0.8815926833169947,0.8677379287715503,0.8493859140193947,0.8832719907166572
767,0.8243541286211666,0.8745804879526672,0.8866935713873235,0.8161445284916131,0.841113958150253
768,0.7021866670278698,0.7121984261296492,0.703354781163404,0.6875362701373757,0.7142912443693451
769,0.8031949489704189,0.7247441699214939,0.8220317570097732,0.7742415327862531,0.7743999339411972
770,0.8506715451245314,0.9073716424429279,0.7670266147264305,0.8178833986651747,0.86953137479304
771,0.8240375555770894,0.8706312104028352,0.8701847605272442,0.7716507698942309,0.8909666778958855
772,0.8877876839861247,0.8858753419875995,0.8681289897570097,0.8883864313127325,0.886977967066839
773,0.8434363953909569,0.8350197811213657,0.6138136875482878,0.6458963920033527,0.8880092041383608
774,0.8268526728265566,0.7766272613776237,0.7644402424329618,0.7520610910525399,0.764894532864301
775,0.9520022070314594,0.9681966791902157,0.9744710516795826,0.9568739146340262,0.943227559571137
776,0.80021264927221,0.8801478548019527,0.6855573126510964,0.8127448313936432,0.8979446743931438
777,0.9183341487052946,0.9304686243691099,0.920878372853467,0.9043221455819332,0.9638433774804865
778,0.8564723486725911,0.7643305544837647,0.9144165401673775,0.6571038081856636,0.9176539520064275
779,0.9267576737787695,0.7876305566468962,0.9190320976047983,0.5629549159302758,0.7327936524878208
780,0.7625117747267457,0.69123885262973,0.6957660208155655,0.5935535160917979,0.7513278566551144
781,0.9154663009914001,0.8872161178000053,0.999999995,0.865009570265255,0.9140628071461394
782,0.8645559399946052,0.826876477029117,0.882524615550423,0.6690093348217645,0.8235789168551217
783,0.8564705865584753,0.8458392244407106,0.8584370139770414,0.7154427538247305,0.8648785866038516
784,0.9067301496890124,0.8839887016228548,0.9476962119510384,0.8669627256609136,0.8652345530435908
785,0.7544881977956029,0.7564484222635689,0.7713933008376397,0.7710826709834941,0.7572650012527774
786,0.8647057977852604,0.9414773430919786,0.9395786564745441,0.8257236209369486,0.9600572954668954
787,0.8984571125141425,0.7489183237372259,0.7761658473897997,0.7031266862448675,0.7717639546347296
788,0.7618596443439906,0.7616139839478844,0.7899197685044267,0.7294553951806596,0.7605807356643661
789,0.7931151218151038,0.7872166055048199,0.8180469867313209,0.7058306506888835,0.743463362852115
790,0.8218940183208312,0.8718635288764062,0.8602594898080802,0.6297782042105777,0.6645786039618445
791,0.8449487268050451,0.8318228364151486,0.6454823757930958,0.8234682707405246,0.8381063229507794
792,0.9306677255809687,0.9265927796415744,0.9143472424729598,0.7825401651015889,0.8962098996032152
793,0.7958665076180566,0.8025457239660946,0.8733384113392433,0.5376090700297164,0.883206289224194
794,0.8378882574970401,0.8408672868281971,0.8356808995638353,0.7750776957134281,0.7835074173480693
795,0.6281495628655296,0.6623591435383632,0.6609515141733607,0.7093115650027277,0.6353078430760144
796,0.8385353668246965,0.917009835725362,0.8603443645276503,0.7946360414851629,0.7955714426928122
797,0.8256326116331744,0.8361723095325082,0.8304024790868995,0.8216466986247506,0.8330565602175733
798,0.8199117173407758,0.8048501491478464,0.8035228710410814,0.7455592417606721,0.8215193090574038
799,0.8725759385948936,0.8713956998275515,0.8799859181583075,0.6555087327423466,0.862784057205062
800,0.8273519453806105,0.8176531552281117,0.8345006059704968,0.7934004602918351,0.8097424496989913
801,0.7687554982586171,0.7560876360786155,0.7804650599557492,0.808821795125769,0.7847045480646454
802,0.7329905504460767,0.7323984937661322,0.7324427550389864,0.7266707700549667,0.5283259194241637
803,0.8106472138798144,0.782364544292776,0.8442139556220516,0.7594364305322622,0.8190494337118096
804,0.6749795423586467,0.7712425069797938,0.7597844981113092,0.6870846375143709,0.75260909362739
805,0.8495195851737932,0.859203535391303,0.838172600282672,0.8230799137025407,0.8029762521049267
806,0.8769530710220717,0.9320438111310656,0.8926564499273313,0.7836167687699439,0.8907110736676829
807,0.9093092083519762,0.8947870373307617,0.8813876962390463,0.8772691971617036,0.9068113459251197
808,0.8466161724283093,0.907638316964122,0.9378478104329114,0.8762509253722668,0.9055113373166866
809,0.9402933409847908,0.7824187544342799,0.8487429693639241,0.8230707571088169,0.8274420259510619
810,0.8285239955597655,0.8094610964263589,0.8397924739942785,0.7875366738574473,0.7812098491800911
811,0.601176175254616,0.6488473499708889,0.5885250717193027,0.6107397002381761,0.8802827970736464
812,0.7937481247657991,0.7866858014292037,0.782974134238873,0.8034144014456056,0.8177550788476993
813,0.8544868780631475,0.8765796082199787,0.8724437081154716,0.8400074179337494,0.837903257514822
814,0.6502420819663927,0.6838979680062889,0.7112403530124092,0.7928913820360275,0.6690728097324158
815,0.7821943073517501,0.6684867384070664,0.6889763815185036,0.6961358703981767,0.7635011633748532
816,0.6038608629478827,0.9019169502905071,0.9180140843191312,0.8682247902695446,0.825828223755612
817,0.8009623595814566,0.9078056496661491,0.8420782558690921,0.8637690536814091,0.872402784424978
818,0.8643619333636838,0.8611718909212566,0.8866596178310867,0.883052349715852,0.855942595270244
819,0.7441683695086699,0.8876670195064413,0.9004238320687294,0.874245339669192,0.8026897825800626
820,0.7020213477194458,0.7526960200921164,0.732142295057206,0.7482692771990159,0.7514807218652801
821,0.8387734260677474,0.9870866250478186,0.9158099461262316,0.6805873695155956,0.9397204577358063
822,0.869575912054451,0.9118172400517185,0.8817560088706996,0.8068583950679664,0.9521296500514087
823,0.8578789261111505,0.8498729293346836,0.8750451402334878,0.8554928558762757,0.9069099053514809
824,0.8171657001920154,0.8655976318444353,0.8800759016932993,0.8617387454468003,0.8692846389841212
825,0.9006457368853588,0.9015293398413895,0.884740020856815,0.750980499780389,0.884740020856815
826,0.7860016010855239,0.8110900050416169,0.7919984223888544,0.7621520670098685,0.8472012857693361
827,0.9437139218956745,0.9884257368676984,0.999999995,0.9415594055903457,0.999999995
828,0.6225226518408322,0.773809837898186,0.669963684163659,0.728035346297606,0.7539234361364542
829,0.7298163202036622,0.7340594714048706,0.7361930184783163,0.5378579699206418,0.7405483767862338
830,0.8370069918943936,0.8386805201940023,0.7385834655015799,0.737847116727163,0.8450719154746194
831,0.7681867334205231,0.5812177916948875,0.7496403556026058,0.7461686655458444,0.7124361252745074
832,0.674559824878952,0.6751140729180848,0.6722605194596711,0.5661735521033596,0.6599993346975273
833,0.8688323403737523,0.8513595051962262,0.8861814386897765,0.6538048533384159,0.8813198173061063
834,0.6551710290894651,0.7495856340905546,0.7808393570005238,0.6067514286870922,0.6148316116146766
835,0.8318282989165153,0.770030436304757,0.8829115260924475,0.6893443898097331,0.8492543522578536
836,0.7112444127921581,0.7240038758153862,0.6695525212323363,0.7443950765543889,0.7170918741766465
837,0.879801716177135,0.8842484091910742,0.904493711639589,0.8806956671398899,0.8131872363434107
838,0.831312810670225,0.8387963045044472,0.8384790732890535,0.7928559273277915,0.8062611618237224
839,0.9195774698592669,0.9541719217497892,0.9666432074608857,0.8459908016359419,0.8445433150741601
840,0.9915342511971852,0.9911956203300231,0.9915342511971852,0.6914040007070501,0.9358381833995558
841,0.8080715594749361,0.8097951188861153,0.8371768185791666,0.7833968430126417,0.8078708309177267
842,0.8419882630141107,0.8278908251390479,0.909477473622653,0.8756530805337456,0.8389018987328489
843,0.8518544058668921,0.8722061060041568,0.8594527148006671,0.8294987203805795,0.8572192546338824
844,0.7160190716212121,0.8103251086047174,0.7562598382344172,0.5740525529149427,0.6890468660809158
845,0.888643283241344,0.7253050163597539,0.722115768840895,0.6828446256692873,0.8085048671103946
846,0.7828139421103649,0.7189483709952004,0.7508890125415226,0.7268043090503373,0.7636943882130399
847,0.7316678055124406,0.7253185414788964,0.9756017802563374,0.93513094125642,0.7118262587481261
848,0.7947534633648012,0.8552189165902179,0.9224189137193985,0.8003472028211934,0.847007216538583
849,0.8023242202985412,0.884875327480926,0.8590511715083363,0.8979905460603622,0.8729211710022527
850,0.7545886744973266,0.8090259956952829,0.7904224907990314,0.8377941841069704,0.8332276549671643
851,0.8287956960812125,0.8789833278162209,0.9159014803833229,0.6132663333441696,0.8690298406744006
852,0.8441130667695941,0.9238043049381405,0.8634837264046344,0.8194140514836197,0.8468604253695571
853,0.615053879600595,0.7500911719304177,0.7708072591258609,0.7827105566837165,0.7594919414547491
854,0.9096412739390084,0.9163078023311503,0.8889765835592137,0.9026128527179779,0.9724087745703561
855,0.8521236414458914,0.7934217440522744,0.8284984450594882,0.8242413622600643,0.8264682752091264
856,0.7898906937876017,0.7609594264636702,0.8514840697203305,0.6769264770451473,0.7099773556929623
857,0.7705383231331108,0.8949987050588676,0.8776738816566709,0.7897924117367099,0.9177332000683611
858,0.6332226798702533,0.6787523314303866,0.6835060990849149,0.8492241591616735,0.622542063560287
859,0.8788716975511272,0.9100510127353711,0.8788716975511272,0.7673147226123537,0.8606556520614235
860,0.551688314479175,0.7977441881725958,0.6097492314895334,0.4818166681442817,0.6867102543454682
861,0.8163794742623777,0.8649966651445006,0.8542104342802204,0.8120877429217841,0.8522633357028955
862,0.8385399172431843,0.7374777788629445,0.7423731023463649,0.7269059201076741,0.8242311517501701
863,0.8037376497103589,0.999999995,0.8427751521815928,0.6000042289721251,0.7827816348949266
864,0.7774311299058914,0.719240605861514,0.830334621212138,0.8318481354086015,0.8932903344037721
865,0.829936897450644,0.8233955815144328,0.8163138130968005,0.8015712445783941,0.8533206305722318
866,0.893686566030399,0.9135362977094399,0.8860104181377045,0.9006530266421993,0.8930679626663779
867,0.8365745782499862,0.8853340761905979,0.8923074406313557,0.8088751937237844,0.8831943262238965
868,0.7209572708703295,0.6697880560690507,0.6523912554623588,0.6772509316072078,0.7004846711503605
869,0.8377795227450008,0.8618303445382506,0.8712098041629901,0.687637171101642,0.8187501901946469
870,0.7877976041744196,0.8686574492056136,0.8938718502181454,0.8102775802680234,0.7058541846469646
871,0.8251639459137469,0.803610790251532,0.7578748581848208,0.7476113496119929,0.7564719545166205
872,0.8123386978706936,0.8239617867976581,0.8719319918201313,0.7751265346793206,0.7757454829125998
873,0.8256195759792616,0.7684692625903775,0.8180062104953825,0.82460548285815,0.9528404957048597
874,0.7325850030109551,0.7600485755500488,0.7933776996420515,0.6664577605007994,0.8060988845015766
875,0.9433878047357908,0.9463084677992352,0.957923282386473,0.7669944472553195,0.9529615856652758
876,0.8908265413791173,0.9330769772788381,0.8446138154201056,0.872108837924604,0.8439375624976351
877,0.8652922279285121,0.8916756613554914,0.8933829018851146,0.49340349601458566,0.8693437588378784
878,0.8684435837109454,0.918443757017829,0.9281119494382337,0.8516091166214886,0.8144865473149825
879,0.8439429389253525,0.8972885393237774,0.8451351185588251,0.8399378539996043,0.8413854388763674
880,0.891368529637785,0.9100027799674819,0.8837524243458413,0.8750092352345944,0.9100027799674819
881,0.8345091883566098,0.7994006048713057,0.8457501539000496,0.8156892463913102,0.8405254209362977
882,0.8468590656935223,0.903785727980548,0.9152171180877606,0.8665650700783559,0.8948021627151687
883,0.785357886480222,0.8759450819015082,0.8695947437620785,0.8257209878003839,0.8369603381598767
884,0.7684987662243584,0.7492996283616591,0.8928940488661872,0.8243190877900237,0.8295385960743463
885,0.7614916046359064,0.8878269360825777,0.8928429286024859,0.7527412233242016,0.8316704620275994
886,0.7117331582862133,0.8122473511000556,0.7724586733918994,0.6914754901108509,0.7979295164995269
887,0.7136907813084866,0.7157565316634005,0.7510604990758794,0.5834274261054258,0.807087886030279
888,0.8306998836191513,0.810857326632477,0.8042128547860122,0.7145311139664879,0.8334749386105644
889,0.7734625206259301,0.782628386135306,0.9065445936980034,0.9282854364582271,0.8749963772949371
890,0.8073864148910355,0.7744241274240415,0.8656834111966375,0.8042902761423582,0.7849804654496716
891,0.6355381674954005,0.5506784831050368,0.6459033700221616,0.6551261148004314,0.6066161209891497
892,0.860383415115981,0.8194544767019136,0.8672242305790324,0.8384019202933396,0.8792736822751753
893,0.8524792466067775,0.8154656495363611,0.8363750831544341,0.7035796976268255,0.8491093569617078
894,0.8795019014310042,0.8769116509135297,0.8411306176839929,0.8591593493805643,0.8437849984144532
895,0.8003785628695209,0.82243671488716,0.8698843713687926,0.7831328487229924,0.8106763686081312
896,0.866362505856493,0.8886722186455209,0.8747207230770109,0.863245261423505,0.8242995146692432
897,0.7503130726159618,0.7146647200792647,0.7684790190899123,0.726686982902875,0.7369476612873646
898,0.9134627646741279,0.9671247521695503,0.9698712141615946,0.8482183504923745,0.9687619104608279
899,0.8768243982454611,0.8573762914406152,0.8351018259709971,0.8926142413117436,0.8312816018003898
900,0.7569153395543002,0.7841905334399699,0.7761496970313437,0.6966654734416707,0.7359115363834281
901,0.8161265565430683,0.8202974293161254,0.8133023498543832,0.7965038734758253,0.8229469131278996
902,0.8161364854514588,0.8107788140951148,0.8177347842998589,0.8292520915076322,0.8483780938970682
903,0.8654813522652326,0.7549148660902062,0.6942330063855735,0.800603023275305,0.6891909047487947
904,0.7518255567117879,0.7844439181843865,0.7444986854613084,0.7652822028470264,0.724124291545895
905,0.8720526169162044,0.8873068606439767,0.8698973084149423,0.8790660702911037,0.8198092897254113
906,0.7760791327690864,0.7175289731070752,0.7781520474746626,0.6630803798808866,0.7591521182858614
907,0.8553258624298742,0.8555215327773374,0.8421658386044653,0.8737847503824724,0.7520867123643182
908,0.8498600235902259,0.8629411760136306,0.9247036999941125,0.8187964142499647,0.8655428161822619
909,0.8235597252688558,0.8811810046964801,0.8005957608118507,0.7699036556993202,0.8038852558957262
910,0.7559385973721117,0.7813174009480752,0.7762659022747599,0.7716882382778725,0.7688160742396336
911,0.9357618615486404,0.9542376802040096,0.9555921429586868,0.9194956734467044,0.9656817953236173
912,0.7080490876598811,0.7522922623519274,0.6645243882437621,0.6999535215741701,0.6362402621844325
913,0.8596760141033292,0.867333670128989,0.8688678121262767,0.85061172092177,0.8273269799103138
914,0.877625958200495,0.8725519236483282,0.8893509324500778,0.8640124347457355,0.8834919623445321
915,0.9635286758075383,0.9635286758075383,0.9425144615616107,0.8961999536733576,0.9416725791644905
916,0.8852230758418812,0.904538623655763,0.6330811066083036,0.8431596191322771,0.902897344712393
917,0.9680354465294086,0.908949243450026,0.9280708381624528,0.9274873482455721,0.9260860160713524
918,0.7503284505188497,0.8739132255474801,0.737985197236809,0.7342816074312026,0.7477072978946113
919,0.8060393741535095,0.851715395103334,0.812365437649701,0.770627050083687,0.8464820396435256
920,0.8428333801137301,0.8264233939089034,0.8419155685004851,0.869125641182872,0.8629263028396774
921,0.8061209316093856,0.794100964574847,0.8216808217645846,0.8108989109877607,0.8213311572309644
922,0.6529452825889721,0.6418101770091308,0.6542436930410106,0.6344974839690704,0.8910801239781946
923,0.9074815180670236,0.8541506395658857,0.8626075599704792,0.8581420086054715,0.8990221042112932
924,0.7915341528822715,0.7296379534458227,0.7251107457622312,0.6667780000435232,0.7110671280756459
925,0.8072296448704235,0.8169219704179602,0.8350510134436656,0.8919116143975209,0.8094817387787302
926,0.8437211153227533,0.8809191653651877,0.879678040872857,0.8417797099797003,0.8891270614010361
927,0.6810468146190689,0.6044053546170064,0.6663369993008862,0.5406439465288624,0.6644894579211479
928,0.8222589756211656,0.9128974385081339,0.9105132434086418,0.8384642939225646,0.8803600389098747
929,0.9254109147446248,0.7806355932232153,0.7740277720258706,0.7748031433274238,0.7851617292848875
930,0.8934754675861385,0.9179754259221191,0.8402868641786717,0.7916708566496735,0.8590418266398347
931,0.7551523001085962,0.7369762832022181,0.7540802554890322,0.7501664162542634,0.7500931416503566
932,0.8460783393899858,0.8664152277569686,0.8995763587335213,0.6458279327462272,0.8908454110572138
933,0.8828098775967292,0.8755978333577503,0.880199208603361,0.7730104234673008,0.7827414952551706
934,0.7902221997073102,0.7210500560113754,0.8489957608352728,0.7504702415123716,0.8131040117487262
935,0.8131872904844579,0.800429625571358,0.7917461047299438,0.7891079409069303,0.8126959837711902
936,0.6986665082641488,0.7939134527295449,0.8155712982549286,0.781743397409397,0.7775894654103008
937,0.8569386648261887,0.8445006859896179,0.9033915412087448,0.8521599339880662,0.821929556019265
938,0.9265325777832523,0.999999995,0.999999995,0.999999995,0.9449442952870456
939,0.872877700508436,0.8220081673826816,0.8285075566430219,0.71870407891457,0.8544266619369579
940,0.7680029122447797,0.866241963845769,0.9225478096422135,0.8783462225429731,0.726568067381777
941,0.7808552479397264,0.8157326960321293,0.8117050883780355,0.7478311172324669,0.8350129053719283
942,0.8750996208380771,0.8913436236969785,0.8326326712196641,0.7946698032832705,0.8989214459813771
943,0.7455434492995803,0.7518449015391477,0.7505160088175852,0.7138733822246934,0.7185226670453951
944,0.9368489125304628,0.9390917069536723,0.9313284590828083,0.9140958743285489,0.9390917069536723
945,0.7138599776141906,0.8746719310678694,0.8886058126077379,0.798735186418724,0.8019468800653828
946,0.4681975593222098,0.7530181125014042,0.49614271962919215,0.47448675938793583,0.8680560953340742
947,0.7189235101977355,0.70790427308143,0.6948962569224489,0.7090916120765531,0.7067729480010708
948,0.7017195850505096,0.6902253210014747,0.7998922101055689,0.7943180983075029,0.6715086402089141
949,0.6844837160726476,0.6689780341995496,0.6897551962614606,0.6516805093004365,0.6837807325648401
950,0.7827079533931501,0.9083448737575334,0.7806399837272429,0.9356275587981591,0.9173565348443418
951,0.917562127199933,0.920038632806642,0.9588856081578907,0.8383405732730789,0.7489257196406357
952,0.871641278524237,0.8195275295844415,0.8875563122480414,0.8219286566505561,0.813511575771995
953,0.7973576774447526,0.8119166302384597,0.8372421143395588,0.7769571496913992,0.8293232995300641
954,0.8245718388314568,0.8267612767956698,0.8885427125232946,0.7194984894308624,0.8816006847399968
955,0.703850076116834,0.6845303820144165,0.7745500541205325,0.7137501217582022,0.6918645738956108
956,0.6726317713444795,0.7141569096263651,0.7268278810784662,0.6174617604913359,0.6965324752480623
957,0.8940541784212623,0.9153878568701213,0.895592901161005,0.9345706287331731,0.9144574220713946
958,0.6756312868566029,0.8141440287046272,0.8277744166989305,0.7864826490120675,0.7934485029247069
959,0.8747232302158344,0.8721456052320715,0.9082787073740868,0.8973547828659223,0.8971486355165342
960,0.9114518235232487,0.9602972326958648,0.9462050759386249,0.8801584031013593,0.8037111239392094
961,0.7961871708157413,0.6951171188297607,0.7961871708157413,0.7961871708157413,0.7950489237074035
962,0.8870918887454036,0.9129991697451096,0.9145708136808275,0.8868619364993144,0.8745342656237554
963,0.7080539289832687,0.6609822181397592,0.8016442519681487,0.8048632216603473,0.6673886345259002
964,0.7043638147074411,0.8996353465486261,0.9062779372409688,0.8727835865447375,0.9123270550947442
965,0.7946128781929622,0.7942783514511979,0.8577520434327784,0.7901222217823398,0.8242648064660507
966,0.7810962288326385,0.8280575149985123,0.9035048914837052,0.7761320365310812,0.5963442900766623
967,0.8930688201592462,0.8766579440750281,0.8751264202629895,0.8091330076256323,0.8636389187803822
968,0.683007806498647,0.8388946722944549,0.8059492595423783,0.6624508499227141,0.8048632252799557
969,0.8790791414068232,0.9167523310792762,0.8812650896799187,0.8962922983151514,0.8656083113000927
970,0.7103642488743922,0.6783736664944933,0.6195838279043552,0.6919790385064308,0.6125756399208906
971,0.9129035209835079,0.9105175218125403,0.9196648035753985,0.6935537282223906,0.8969432870981247
972,0.6744167162873442,0.721976200067318,0.7160416484067247,0.6907388779486732,0.6709766032159111
973,0.8308419664280987,0.833415934755612,0.8164438374637555,0.8480103611068761,0.8146534070104389
974,0.8576116633869908,0.8101176712325308,0.8810512772595893,0.7934149818480403,0.7995176109812224
975,0.8176970143144444,0.7862876855720186,0.8450977057662018,0.844989165210844,0.8383111431254062
976,0.7607571637566143,0.7962518748407053,0.78728529454206,0.749023465613961,0.7475070377058627
977,0.8821838722452349,0.8242139507635725,0.8787584476700679,0.8835440052704281,0.8905725357575363
978,0.7924404139592207,0.810704583185315,0.8076353444021448,0.7813788347839871,0.8043525194905495
979,0.7652001238460422,0.7653748857114485,0.8072793089236916,0.8164423440489271,0.7858690417312436
980,0.8508887085743072,0.8882924253747516,0.8099606004474484,0.7857829538429228,0.7291237401835955
981,0.7934799574347458,0.8302095690862796,0.7938168835977591,0.7774618925592467,0.818609798131924
982,0.9032191157781807,0.9218206832117307,0.9165927567412465,0.9068053077281403,0.9245636058492959
983,0.8495015680750773,0.8522154672572292,0.868519445554083,0.7476531915460273,0.8318420973906682
984,0.857657709087195,0.936577118535704,0.9499870369149513,0.7887254309896676,0.9262943783869713
985,0.8198517311578112,0.8471286496111831,0.8577369607146978,0.8181746529390088,0.8307756189033446
986,0.8630661738484814,0.7345382984238099,0.7760390028336961,0.7013864786970944,0.8213977171561029
987,0.822402613573051,0.8954451938087097,0.8344296078426693,0.8056423347014865,0.840665105679801
988,0.8007019791604986,0.8330013785144453,0.8375921702417112,0.8177081099516941,0.7024505076254836
989,0.7605679368853363,0.8105600719008567,0.8006005107972527,0.7689248213971197,0.8152427768988542
990,0.5960189885485891,0.8692262847423339,0.8725420615409898,0.8197230871435823,0.8285206603501091
991,0.7798652563594477,0.7631178830643256,0.7428075456504213,0.7274409545316303,0.7726055149678661
992,0.9606199838674723,0.9399009817032472,0.9608710198859943,0.9080214069892827,0.851317218352021
993,0.636793904704899,0.6358511473377318,0.6389688041477017,0.6192900987379358,0.6501145408641443
994,0.882958871476781,0.8763557483003084,0.8180939158861913,0.8129490301662704,0.842420289747363
995,0.807747682330468,0.8122842564261318,0.7291790293191566,0.7525910322922229,0.7372295478779869
996,0.9054258978651768,0.8862038489372555,0.8699392207745343,0.7970730132717462,0.9261798827249776
997,0.775311778094674,0.8166164764641713,0.8112147956899411,0.804601925851497,0.8084038069915958
998,0.9111059920808509,0.908841966213825,0.9110543863263296,0.8602870737170926,0.9041930820999206
999,0.8436235205707506,0.8603942914987032,0.8834162339936148,0.8420408258406852,0.8754508674711567
